lab_ID,bio_rep,tech_rep,common_reality,reference,campaign,task,run_num,year,month,day,lat,lon,depth_m,habitat,num_dolphins,collection_type,collection_time,filter_start_time ,filter_end_time,volume_L,pore_size_um,volume_eluted,filter_type,filter_size_mm,preservation,extraction,molecular_platform,total_DNA_ng_ul,dolphin_DNA_copy_uL
52345-011,1,1,1,inside pen with 3 dolphins,Sept_2022,filter_vol,PB110,2022,9,30,47.74284,-122.729738,0,pen,3,bottle,13:35,17:00,17:00,1,1,100,MCE,47,longmires,PCI,qPCR,53.4,6627.48
52345-011,1,2,1,inside pen with 3 dolphins,Sept_2022,filter_vol,PB110,2022,9,30,47.74284,-122.729738,0,pen,3,bottle,13:35,17:00,17:00,1,1,100,MCE,47,longmires,PCI,qPCR,53.4,7539.44
52345-011,1,3,1,inside pen with 3 dolphins,Sept_2022,filter_vol,PB110,2022,9,30,47.74284,-122.729738,0,pen,3,bottle,13:35,17:00,17:00,1,1,100,MCE,47,longmires,PCI,qPCR,53.4,6542.44
52345-012,2,1,1,inside pen with 3 dolphins,Sept_2022,filter_vol,PB110,2022,9,30,47.74284,-122.729738,0,pen,3,bottle,13:35,17:00,17:00,1,1,100,MCE,47,longmires,PCI,qPCR,46.2,6305.2
52345-012,2,2,1,inside pen with 3 dolphins,Sept_2022,filter_vol,PB110,2022,9,30,47.74284,-122.729738,0,pen,3,bottle,13:35,17:00,17:00,1,1,100,MCE,47,longmires,PCI,qPCR,46.2,6415.16
52345-012,2,3,1,inside pen with 3 dolphins,Sept_2022,filter_vol,PB110,2022,9,30,47.74284,-122.729738,0,pen,3,bottle,13:35,17:00,17:00,1,1,100,MCE,47,longmires,PCI,qPCR,46.2,5916.9
52345-013,3,1,1,inside pen with 3 dolphins,Sept_2022,filter_vol,PB110,2022,9,30,47.74284,-122.729738,0,pen,3,bottle,13:35,17:00,17:00,1,1,100,MCE,47,longmires,PCI,qPCR,54.6,8215.78
52345-013,3,2,1,inside pen with 3 dolphins,Sept_2022,filter_vol,PB110,2022,9,30,47.74284,-122.729738,0,pen,3,bottle,13:35,17:00,17:00,1,1,100,MCE,47,longmires,PCI,qPCR,54.6,8803.2
52345-013,3,3,1,inside pen with 3 dolphins,Sept_2022,filter_vol,PB110,2022,9,30,47.74284,-122.729738,0,pen,3,bottle,13:35,17:00,17:00,1,1,100,MCE,47,longmires,PCI,qPCR,54.6,8182.7
52345-014,1,1,1,inside pen with 3 dolphins,Sept_2022,filter_vol,PB110,2022,9,30,47.74284,-122.729738,0,pen,3,bottle,13:35,17:00,17:00,1,5,100,MCE,47,longmires,PCI,qPCR,45,6640.68
52345-014,1,3,1,inside pen with 3 dolphins,Sept_2022,filter_vol,PB110,2022,9,30,47.74284,-122.729738,0,pen,3,bottle,13:35,17:00,17:00,1,5,100,MCE,47,longmires,PCI,qPCR,45,7471.58
52345-015,2,1,1,inside pen with 3 dolphins,Sept_2022,filter_vol,PB110,2022,9,30,47.74284,-122.729738,0,pen,3,bottle,13:35,17:00,17:00,1,5,100,MCE,47,longmires,PCI,qPCR,42.4,5475.22
52345-015,2,2,1,inside pen with 3 dolphins,Sept_2022,filter_vol,PB110,2022,9,30,47.74284,-122.729738,0,pen,3,bottle,13:35,17:00,17:00,1,5,100,MCE,47,longmires,PCI,qPCR,42.4,5434.56
52345-015,2,3,1,inside pen with 3 dolphins,Sept_2022,filter_vol,PB110,2022,9,30,47.74284,-122.729738,0,pen,3,bottle,13:35,17:00,17:00,1,5,100,MCE,47,longmires,PCI,qPCR,42.4,6059.66
52345-016,3,1,1,inside pen with 3 dolphins,Sept_2022,filter_vol,PB110,2022,9,30,47.74284,-122.729738,0,pen,3,bottle,13:35,17:00,17:00,1,5,100,MCE,47,longmires,PCI,qPCR,31.2,5274
52345-016,3,3,1,inside pen with 3 dolphins,Sept_2022,filter_vol,PB110,2022,9,30,47.74284,-122.729738,0,pen,3,bottle,13:35,17:00,17:00,1,5,100,MCE,47,longmires,PCI,qPCR,31.2,5001.06
52345-017,1,1,1,inside pen with 3 dolphins,Sept_2022,filter_vol,PB111,2022,9,30,47.74284,-122.729738,0,pen,3,bottle,13:35,17:00,17:00,3,1,100,MCE,47,longmires,PCI,qPCR,156.4,29003.64
52345-017,1,2,1,inside pen with 3 dolphins,Sept_2022,filter_vol,PB111,2022,9,30,47.74284,-122.729738,0,pen,3,bottle,13:35,17:00,17:00,3,1,100,MCE,47,longmires,PCI,qPCR,156.4,30310.84
52345-017,1,3,1,inside pen with 3 dolphins,Sept_2022,filter_vol,PB111,2022,9,30,47.74284,-122.729738,0,pen,3,bottle,13:35,17:00,17:00,3,1,100,MCE,47,longmires,PCI,qPCR,156.4,30227.28
52345-018,2,1,1,inside pen with 3 dolphins,Sept_2022,filter_vol,PB111,2022,9,30,47.74284,-122.729738,0,pen,3,bottle,13:35,17:00,17:00,3,1,100,MCE,47,longmires,PCI,qPCR,202,33310.16
52345-018,2,2,1,inside pen with 3 dolphins,Sept_2022,filter_vol,PB111,2022,9,30,47.74284,-122.729738,0,pen,3,bottle,13:35,17:00,17:00,3,1,100,MCE,47,longmires,PCI,qPCR,202,34152.2
52345-018,2,3,1,inside pen with 3 dolphins,Sept_2022,filter_vol,PB111,2022,9,30,47.74284,-122.729738,0,pen,3,bottle,13:35,17:00,17:00,3,1,100,MCE,47,longmires,PCI,qPCR,202,29880.96
52345-019,3,1,1,inside pen with 3 dolphins,Sept_2022,filter_vol,PB111,2022,9,30,47.74284,-122.729738,0,pen,3,bottle,13:35,17:00,17:00,3,1,100,MCE,47,longmires,PCI,qPCR,166.6,28171.24
52345-019,3,2,1,inside pen with 3 dolphins,Sept_2022,filter_vol,PB111,2022,9,30,47.74284,-122.729738,0,pen,3,bottle,13:35,17:00,17:00,3,1,100,MCE,47,longmires,PCI,qPCR,166.6,31079.2
52345-019,3,3,1,inside pen with 3 dolphins,Sept_2022,filter_vol,PB111,2022,9,30,47.74284,-122.729738,0,pen,3,bottle,13:35,17:00,17:00,3,1,100,MCE,47,longmires,PCI,qPCR,166.6,34584.84
52345-020,1,1,1,inside pen with 3 dolphins,Sept_2022,filter_vol,PB111,2022,9,30,47.74284,-122.729738,0,pen,3,bottle,13:35,17:00,17:00,3,5,100,MCE,47,longmires,PCI,qPCR,131.4,31472.88
52345-020,1,2,1,inside pen with 3 dolphins,Sept_2022,filter_vol,PB111,2022,9,30,47.74284,-122.729738,0,pen,3,bottle,13:35,17:00,17:00,3,5,100,MCE,47,longmires,PCI,qPCR,131.4,32729.36
52345-020,1,3,1,inside pen with 3 dolphins,Sept_2022,filter_vol,PB111,2022,9,30,47.74284,-122.729738,0,pen,3,bottle,13:35,17:00,17:00,3,5,100,MCE,47,longmires,PCI,qPCR,131.4,31848.48
52345-021,2,1,1,inside pen with 3 dolphins,Sept_2022,filter_vol,PB111,2022,9,30,47.74284,-122.729738,0,pen,3,bottle,13:35,17:00,17:00,3,5,100,MCE,47,longmires,PCI,qPCR,111.4,29978.52
52345-021,2,2,1,inside pen with 3 dolphins,Sept_2022,filter_vol,PB111,2022,9,30,47.74284,-122.729738,0,pen,3,bottle,13:35,17:00,17:00,3,5,100,MCE,47,longmires,PCI,qPCR,111.4,28933.64
52345-021,2,3,1,inside pen with 3 dolphins,Sept_2022,filter_vol,PB111,2022,9,30,47.74284,-122.729738,0,pen,3,bottle,13:35,17:00,17:00,3,5,100,MCE,47,longmires,PCI,qPCR,111.4,30529.36
52345-022,3,1,1,inside pen with 3 dolphins,Sept_2022,filter_vol,PB111,2022,9,30,47.74284,-122.729738,0,pen,3,bottle,13:35,17:00,17:00,3,5,100,MCE,47,longmires,PCI,qPCR,136.8,29570.44
52345-022,3,2,1,inside pen with 3 dolphins,Sept_2022,filter_vol,PB111,2022,9,30,47.74284,-122.729738,0,pen,3,bottle,13:35,17:00,17:00,3,5,100,MCE,47,longmires,PCI,qPCR,136.8,27719.04
52345-022,3,3,1,inside pen with 3 dolphins,Sept_2022,filter_vol,PB111,2022,9,30,47.74284,-122.729738,0,pen,3,bottle,13:35,17:00,17:00,3,5,100,MCE,47,longmires,PCI,qPCR,136.8,30684.52
52345-023,1,2,3,outside pen with 3 dolphins,Sept_2022,transect,PB110,2022,9,30,47.742852,-122.729626,0,ocean,0,bottle,13:45,17:00,17:00,3,1,100,MCE,47,longmires,PCI,qPCR,194.4,499.58
52345-023,1,3,3,outside pen with 3 dolphins,Sept_2022,transect,PB110,2022,9,30,47.742852,-122.729626,0,ocean,0,bottle,13:45,17:00,17:00,3,1,100,MCE,47,longmires,PCI,qPCR,194.4,480.32
52345-024,2,1,3,outside pen with 3 dolphins,Sept_2022,transect,PB110,2022,9,30,47.742852,-122.729626,0,ocean,0,bottle,13:45,17:00,17:00,3,1,100,MCE,47,longmires,QSQBTK,qPCR,110.6,182.72
52345-024,2,2,3,outside pen with 3 dolphins,Sept_2022,transect,PB110,2022,9,30,47.742852,-122.729626,0,ocean,0,bottle,13:45,17:00,17:00,3,1,100,MCE,47,longmires,QSQBTK,qPCR,110.6,249.22
52345-024,2,3,3,outside pen with 3 dolphins,Sept_2022,transect,PB110,2022,9,30,47.742852,-122.729626,0,ocean,0,bottle,13:45,17:00,17:00,3,1,100,MCE,47,longmires,QSQBTK,qPCR,110.6,187.94
52345-025,3,1,3,outside pen with 3 dolphins,Sept_2022,transect,PB110,2022,9,30,47.742852,-122.729626,0,ocean,0,bottle,13:45,17:00,17:00,3,1,100,MCE,47,longmires,QBTK,qPCR,185.8,2014.62
52345-025,3,2,3,outside pen with 3 dolphins,Sept_2022,transect,PB110,2022,9,30,47.742852,-122.729626,0,ocean,0,bottle,13:45,17:00,17:00,3,1,100,MCE,47,longmires,QBTK,qPCR,185.8,2102.24
52345-025,3,3,3,outside pen with 3 dolphins,Sept_2022,transect,PB110,2022,9,30,47.742852,-122.729626,0,ocean,0,bottle,13:45,17:00,17:00,3,1,100,MCE,47,longmires,QBTK,qPCR,185.8,2208.1
52345-026,1,2,4,marginal pier,Sept_2022,transect,PB111,2022,9,30,47.748029,-122.728678,0,ocean,0,bottle,14:20,17:00,17:00,3,1,100,MCE,47,longmires,PCI,qPCR,342,0
52345-026,1,3,4,marginal pier,Sept_2022,transect,PB111,2022,9,30,47.748029,-122.728678,0,ocean,0,bottle,14:20,17:00,17:00,3,1,100,MCE,47,longmires,PCI,qPCR,342,0
52345-027,2,1,4,marginal pier,Sept_2022,transect,PB111,2022,9,30,47.748029,-122.728678,0,ocean,0,bottle,14:20,17:00,17:00,3,1,100,MCE,47,longmires,QSQBTK,qPCR,87.2,3.28
52345-027,2,2,4,marginal pier,Sept_2022,transect,PB111,2022,9,30,47.748029,-122.728678,0,ocean,0,bottle,14:20,17:00,17:00,3,1,100,MCE,47,longmires,QSQBTK,qPCR,87.2,20.07
52345-027,2,3,4,marginal pier,Sept_2022,transect,PB111,2022,9,30,47.748029,-122.728678,0,ocean,0,bottle,14:20,17:00,17:00,3,1,100,MCE,47,longmires,QSQBTK,qPCR,87.2,0
52345-028,3,1,4,marginal pier,Sept_2022,transect,PB111,2022,9,30,47.748029,-122.728678,0,ocean,0,bottle,14:20,17:00,17:00,3,1,100,MCE,47,longmires,QBTK,qPCR,228,0
52345-028,3,2,4,marginal pier,Sept_2022,transect,PB111,2022,9,30,47.748029,-122.728678,0,ocean,0,bottle,14:20,17:00,17:00,3,1,100,MCE,47,longmires,QBTK,qPCR,228,17.29
52345-028,3,3,4,marginal pier,Sept_2022,transect,PB111,2022,9,30,47.748029,-122.728678,0,ocean,0,bottle,14:20,17:00,17:00,3,1,100,MCE,47,longmires,QBTK,qPCR,228,12.11
52345-029,1,1,5,near sea lions,Sept_2022,transect,PB111,2022,9,30,47.742233,-122.73002,0,ocean,0,bottle,13:50,17:00,17:00,3,1,100,MCE,47,longmires,PCI,qPCR,276,1179.68
52345-029,2,2,5,near sea lions,Sept_2022,transect,PB111,2022,9,30,47.742233,-122.73002,0,ocean,0,bottle,13:50,17:00,17:00,3,1,100,MCE,47,longmires,PCI,qPCR,276,1023.56
52345-029,3,3,5,near sea lions,Sept_2022,transect,PB111,2022,9,30,47.742233,-122.73002,0,ocean,0,bottle,13:50,17:00,17:00,3,1,100,MCE,47,longmires,PCI,qPCR,276,1071.16
52345-030,1,1,5,near sea lions,Sept_2022,transect,PB110,2022,9,30,47.742233,-122.73002,0,ocean,0,bottle,13:50,17:00,17:00,3,1,100,MCE,47,longmires,QSQBTK,qPCR,105.2,982.1
52345-030,2,2,5,near sea lions,Sept_2022,transect,PB110,2022,9,30,47.742233,-122.73002,0,ocean,0,bottle,13:50,17:00,17:00,3,1,100,MCE,47,longmires,QSQBTK,qPCR,105.2,805.82
52345-030,3,3,5,near sea lions,Sept_2022,transect,PB110,2022,9,30,47.742233,-122.73002,0,ocean,0,bottle,13:50,17:00,17:00,3,1,100,MCE,47,longmires,QSQBTK,qPCR,105.2,990.5
52345-031,1,1,5,near sea lions,Sept_2022,transect,PB110,2022,9,30,47.742233,-122.73002,0,ocean,0,bottle,13:50,17:00,17:00,3,1,100,MCE,47,longmires,QBTK,qPCR,109.8,672.46
52345-031,2,2,5,near sea lions,Sept_2022,transect,PB110,2022,9,30,47.742233,-122.73002,0,ocean,0,bottle,13:50,17:00,17:00,3,1,100,MCE,47,longmires,QBTK,qPCR,109.8,851.28
52345-031,3,3,5,near sea lions,Sept_2022,transect,PB110,2022,9,30,47.742233,-122.73002,0,ocean,0,bottle,13:50,17:00,17:00,3,1,100,MCE,47,longmires,QBTK,qPCR,109.8,703.64
52345-032,1,1,6,inside pen with 1 dolphin,Sept_2022,transect,PB110,2022,9,30,47.742766,-122.729785,0,pen,1,bottle,13:55,17:00,17:00,3,1,100,MCE,47,longmires,PCI,qPCR,105,8743.5
52345-032,1,2,6,inside pen with 1 dolphin,Sept_2022,transect,PB110,2022,9,30,47.742766,-122.729785,0,pen,1,bottle,13:55,17:00,17:00,3,1,100,MCE,47,longmires,PCI,qPCR,105,10692.3
52345-032,1,3,6,inside pen with 1 dolphin,Sept_2022,transect,PB110,2022,9,30,47.742766,-122.729785,0,pen,1,bottle,13:55,17:00,17:00,3,1,100,MCE,47,longmires,PCI,qPCR,105,10109.6
52345-033,2,1,6,inside pen with 1 dolphin,Sept_2022,transect,PB110,2022,9,30,47.742766,-122.729785,0,pen,1,bottle,13:55,17:00,17:00,3,1,100,MCE,47,longmires,QSQBTK,qPCR,35.8,4393.76
52345-033,2,2,6,inside pen with 1 dolphin,Sept_2022,transect,PB110,2022,9,30,47.742766,-122.729785,0,pen,1,bottle,13:55,17:00,17:00,3,1,100,MCE,47,longmires,QSQBTK,qPCR,35.8,4442.42
52345-033,2,3,6,inside pen with 1 dolphin,Sept_2022,transect,PB110,2022,9,30,47.742766,-122.729785,0,pen,1,bottle,13:55,17:00,17:00,3,1,100,MCE,47,longmires,QSQBTK,qPCR,35.8,4365.2
52345-034,3,1,6,inside pen with 1 dolphin,Sept_2022,transect,PB110,2022,9,30,47.742766,-122.729785,0,pen,1,bottle,13:55,17:00,17:00,3,1,100,MCE,47,longmires,QBTK,qPCR,33.8,2956.3
52345-034,3,2,6,inside pen with 1 dolphin,Sept_2022,transect,PB110,2022,9,30,47.742766,-122.729785,0,pen,1,bottle,13:55,17:00,17:00,3,1,100,MCE,47,longmires,QBTK,qPCR,33.8,3021.52
52345-034,3,3,6,inside pen with 1 dolphin,Sept_2022,transect,PB110,2022,9,30,47.742766,-122.729785,0,pen,1,bottle,13:55,17:00,17:00,3,1,100,MCE,47,longmires,QBTK,qPCR,33.8,3056.36
52345-171,1,1,7,ESP_WCR-117-081,Feb_2023,ESP,PB114,2023,1,30,47.742827,-122.729805,5,pen,see_attached,filter,16:50:18,16:50:18,17:27:54,2,5,100,MCE,25,RNAlater,QBTK,qPCR,3.91,82.01
52345-171,1,2,7,ESP_WCR-117-081,Feb_2023,ESP,PB114,2023,1,30,47.742827,-122.729805,5,pen,see_attached,filter,16:50:18,16:50:18,17:27:54,2,5,100,MCE,25,RNAlater,QBTK,qPCR,3.91,70.54
52345-171,1,3,7,ESP_WCR-117-081,Feb_2023,ESP,PB114,2023,1,30,47.742827,-122.729805,5,pen,see_attached,filter,16:50:18,16:50:18,17:27:54,2,5,100,MCE,25,RNAlater,QBTK,qPCR,3.91,70.42
52345-172,1,1,8,ESP_WCR-117-104,Feb_2023,ESP,PB114,2023,1,30,47.742827,-122.729805,5,pen,see_attached,filter,17:59:33,17:59:33,18:37:36,2,5,100,MCE,25,RNAlater,QBTK,qPCR,6.16,129.34
52345-172,1,2,8,ESP_WCR-117-104,Feb_2023,ESP,PB114,2023,1,30,47.742827,-122.729805,5,pen,see_attached,filter,17:59:33,17:59:33,18:37:36,2,5,100,MCE,25,RNAlater,QBTK,qPCR,6.16,113.8
52345-172,1,3,8,ESP_WCR-117-104,Feb_2023,ESP,PB114,2023,1,30,47.742827,-122.729805,5,pen,see_attached,filter,17:59:33,17:59:33,18:37:36,2,5,100,MCE,25,RNAlater,QBTK,qPCR,6.16,117.77
52345-173,1,1,9,ESP_WCR-117-043,Feb_2023,ESP,PB114,2023,1,30,47.742827,-122.729805,5,pen,see_attached,filter,19:09:15,19:09:15,19:46:52,2,5,100,MCE,25,RNAlater,QBTK,qPCR,4.16,710.26
52345-173,1,2,9,ESP_WCR-117-043,Feb_2023,ESP,PB114,2023,1,30,47.742827,-122.729805,5,pen,see_attached,filter,19:09:15,19:09:15,19:46:52,2,5,100,MCE,25,RNAlater,QBTK,qPCR,4.16,753.89
52345-173,1,3,9,ESP_WCR-117-043,Feb_2023,ESP,PB114,2023,1,30,47.742827,-122.729805,5,pen,see_attached,filter,19:09:15,19:09:15,19:46:52,2,5,100,MCE,25,RNAlater,QBTK,qPCR,4.16,630.63
52345-174,1,1,10,ESP_WCR-117-123,Feb_2023,ESP,PB114,2023,1,30,47.742827,-122.729805,5,pen,see_attached,filter,20:18:32,20:18:32,20:56:18,2,5,100,MCE,25,RNAlater,QBTK,qPCR,4.83,747.42
52345-174,1,2,10,ESP_WCR-117-123,Feb_2023,ESP,PB114,2023,1,30,47.742827,-122.729805,5,pen,see_attached,filter,20:18:32,20:18:32,20:56:18,2,5,100,MCE,25,RNAlater,QBTK,qPCR,4.83,565.83
52345-174,1,3,10,ESP_WCR-117-123,Feb_2023,ESP,PB114,2023,1,30,47.742827,-122.729805,5,pen,see_attached,filter,20:18:32,20:18:32,20:56:18,2,5,100,MCE,25,RNAlater,QBTK,qPCR,4.83,678.87
52345-175,1,1,11,ESP_WCR-117-047,Feb_2023,ESP,PB114,2023,1,30,47.742827,-122.729805,5,pen,see_attached,filter,21:35:45,21:35:45,22:13:32,2,5,100,MCE,25,RNAlater,QBTK,qPCR,5.55,1085.09
52345-175,1,2,11,ESP_WCR-117-047,Feb_2023,ESP,PB114,2023,1,30,47.742827,-122.729805,5,pen,see_attached,filter,21:35:45,21:35:45,22:13:32,2,5,100,MCE,25,RNAlater,QBTK,qPCR,5.55,1031.21
52345-175,1,3,11,ESP_WCR-117-047,Feb_2023,ESP,PB114,2023,1,30,47.742827,-122.729805,5,pen,see_attached,filter,21:35:45,21:35:45,22:13:32,2,5,100,MCE,25,RNAlater,QBTK,qPCR,5.55,1043.48
52345-176,1,1,12,ESP_WCR-117-007,Feb_2023,ESP,PB114,2023,1,30,47.742827,-122.729805,5,pen,see_attached,filter,22:45:12,22:45:12,23:22:46,2,5,100,MCE,25,RNAlater,QBTK,qPCR,5.2,97.29
52345-176,1,2,12,ESP_WCR-117-007,Feb_2023,ESP,PB114,2023,1,30,47.742827,-122.729805,5,pen,see_attached,filter,22:45:12,22:45:12,23:22:46,2,5,100,MCE,25,RNAlater,QBTK,qPCR,5.2,82.78
52345-176,1,3,12,ESP_WCR-117-007,Feb_2023,ESP,PB114,2023,1,30,47.742827,-122.729805,5,pen,see_attached,filter,22:45:12,22:45:12,23:22:46,2,5,100,MCE,25,RNAlater,QBTK,qPCR,5.2,75.14
52345-177,1,1,13,ESP_WCR-117-093,Feb_2023,ESP,PB114,2023,1,30,47.742827,-122.729805,5,pen,see_attached,filter,23:54:27,23:54:27,0:32:06,2,5,100,MCE,25,RNAlater,QBTK,qPCR,5.21,120.49
52345-177,1,2,13,ESP_WCR-117-093,Feb_2023,ESP,PB114,2023,1,30,47.742827,-122.729805,5,pen,see_attached,filter,23:54:27,23:54:27,0:32:06,2,5,100,MCE,25,RNAlater,QBTK,qPCR,5.21,109.74
52345-177,1,3,13,ESP_WCR-117-093,Feb_2023,ESP,PB114,2023,1,30,47.742827,-122.729805,5,pen,see_attached,filter,23:54:27,23:54:27,0:32:06,2,5,100,MCE,25,RNAlater,QBTK,qPCR,5.21,105.33
52345-178,1,1,14,ESP_WCR-117-082,Feb_2023,ESP,PB114,2023,1,30,47.742827,-122.729805,5,pen,see_attached,filter,1:03:45,1:03:45,1:41:16,2,5,100,MCE,25,RNAlater,QBTK,qPCR,5.85,535.57
52345-178,1,2,14,ESP_WCR-117-082,Feb_2023,ESP,PB114,2023,1,30,47.742827,-122.729805,5,pen,see_attached,filter,1:03:45,1:03:45,1:41:16,2,5,100,MCE,25,RNAlater,QBTK,qPCR,5.85,465.93
52345-178,1,3,14,ESP_WCR-117-082,Feb_2023,ESP,PB114,2023,1,30,47.742827,-122.729805,5,pen,see_attached,filter,1:03:45,1:03:45,1:41:16,2,5,100,MCE,25,RNAlater,QBTK,qPCR,5.85,417.16
52345-179,1,1,15,ESP_WCR5100009MRL,Feb_2023,ESP,PB114,2023,1,31,47.742827,-122.729805,5,pen,see_attached,filter,2:12:59,2:12:59,2:50:22,2,5,100,MCE,25,RNAlater,QBTK,qPCR,5.1,125.11
52345-179,1,2,15,ESP_WCR5100009MRL,Feb_2023,ESP,PB114,2023,1,31,47.742827,-122.729805,5,pen,see_attached,filter,2:12:59,2:12:59,2:50:22,2,5,100,MCE,25,RNAlater,QBTK,qPCR,5.1,168.73
52345-179,1,3,15,ESP_WCR5100009MRL,Feb_2023,ESP,PB114,2023,1,31,47.742827,-122.729805,5,pen,see_attached,filter,2:12:59,2:12:59,2:50:22,2,5,100,MCE,25,RNAlater,QBTK,qPCR,5.1,125.1
52345-180,1,1,16,ESP_WCR-117-044,Feb_2023,ESP,PB114,2023,1,31,47.742827,-122.729805,5,pen,see_attached,filter,3:29:53,3:29:53,4:07:37,2,5,100,MCE,25,RNAlater,QBTK,qPCR,5.16,104.62
52345-180,1,2,16,ESP_WCR-117-044,Feb_2023,ESP,PB114,2023,1,31,47.742827,-122.729805,5,pen,see_attached,filter,3:29:53,3:29:53,4:07:37,2,5,100,MCE,25,RNAlater,QBTK,qPCR,5.16,83.13
52345-180,1,3,16,ESP_WCR-117-044,Feb_2023,ESP,PB114,2023,1,31,47.742827,-122.729805,5,pen,see_attached,filter,3:29:53,3:29:53,4:07:37,2,5,100,MCE,25,RNAlater,QBTK,qPCR,5.16,103.11
52345-181,1,1,17,ESP_WCR-117-005,Feb_2023,ESP,PB114,2023,1,31,47.742827,-122.729805,5,pen,see_attached,filter,4:39:19,4:39:19,5:16:51,2,5,100,MCE,25,RNAlater,QBTK,qPCR,7.46,38.14
52345-181,1,2,17,ESP_WCR-117-005,Feb_2023,ESP,PB114,2023,1,31,47.742827,-122.729805,5,pen,see_attached,filter,4:39:19,4:39:19,5:16:51,2,5,100,MCE,25,RNAlater,QBTK,qPCR,7.46,52.31
52345-181,1,3,17,ESP_WCR-117-005,Feb_2023,ESP,PB114,2023,1,31,47.742827,-122.729805,5,pen,see_attached,filter,4:39:19,4:39:19,5:16:51,2,5,100,MCE,25,RNAlater,QBTK,qPCR,7.46,43.37
52345-182,1,1,18,ESP_WCR-117-118,Feb_2023,ESP,PB114,2023,1,31,47.742827,-122.729805,5,pen,see_attached,filter,5:48:30,5:48:30,6:26:02,2,5,100,MCE,25,RNAlater,QBTK,qPCR,3,75.83
52345-182,1,2,18,ESP_WCR-117-118,Feb_2023,ESP,PB114,2023,1,31,47.742827,-122.729805,5,pen,see_attached,filter,5:48:30,5:48:30,6:26:02,2,5,100,MCE,25,RNAlater,QBTK,qPCR,3,97.22
52345-182,1,3,18,ESP_WCR-117-118,Feb_2023,ESP,PB114,2023,1,31,47.742827,-122.729805,5,pen,see_attached,filter,5:48:30,5:48:30,6:26:02,2,5,100,MCE,25,RNAlater,QBTK,qPCR,3,81.84
52345-183,1,1,19,ESP_WCR-117-092,Feb_2023,ESP,PB114,2023,1,31,47.742827,-122.729805,5,pen,see_attached,filter,6:57:43,6:57:43,7:35:29,2,5,100,MCE,25,RNAlater,QBTK,qPCR,3.05,178.79
52345-183,1,2,19,ESP_WCR-117-092,Feb_2023,ESP,PB114,2023,1,31,47.742827,-122.729805,5,pen,see_attached,filter,6:57:43,6:57:43,7:35:29,2,5,100,MCE,25,RNAlater,QBTK,qPCR,3.05,185.85
52345-183,1,3,19,ESP_WCR-117-092,Feb_2023,ESP,PB114,2023,1,31,47.742827,-122.729805,5,pen,see_attached,filter,6:57:43,6:57:43,7:35:29,2,5,100,MCE,25,RNAlater,QBTK,qPCR,3.05,178.08
52345-184,1,1,20,ESP_WCR-117-052,Feb_2023,ESP,PB114,2023,1,31,47.742827,-122.729805,5,pen,see_attached,filter,8:07:12,8:07:12,8:45:00,2,5,100,MCE,25,RNAlater,QBTK,qPCR,8.5,1243.99
52345-184,1,2,20,ESP_WCR-117-052,Feb_2023,ESP,PB114,2023,1,31,47.742827,-122.729805,5,pen,see_attached,filter,8:07:12,8:07:12,8:45:00,2,5,100,MCE,25,RNAlater,QBTK,qPCR,8.5,956.23
52345-184,1,3,20,ESP_WCR-117-052,Feb_2023,ESP,PB114,2023,1,31,47.742827,-122.729805,5,pen,see_attached,filter,8:07:12,8:07:12,8:45:00,2,5,100,MCE,25,RNAlater,QBTK,qPCR,8.5,878.36
52345-185,1,1,21,ESP_WCR-117-072,Feb_2023,ESP,PB114,2023,1,31,47.742827,-122.729805,5,pen,see_attached,filter,9:24:27,9:24:27,10:02:18,2,5,100,MCE,25,RNAlater,QBTK,qPCR,11.3,4789.2
52345-185,1,2,21,ESP_WCR-117-072,Feb_2023,ESP,PB114,2023,1,31,47.742827,-122.729805,5,pen,see_attached,filter,9:24:27,9:24:27,10:02:18,2,5,100,MCE,25,RNAlater,QBTK,qPCR,11.3,4773.6
52345-185,1,3,21,ESP_WCR-117-072,Feb_2023,ESP,PB114,2023,1,31,47.742827,-122.729805,5,pen,see_attached,filter,9:24:27,9:24:27,10:02:18,2,5,100,MCE,25,RNAlater,QBTK,qPCR,11.3,4179.81
52345-186,1,1,22,ESP_WCR-117-026,Feb_2023,ESP,PB114,2023,1,31,47.742827,-122.729805,5,pen,see_attached,filter,10:33:57,10:33:57,11:11:47,2,5,100,MCE,25,RNAlater,QBTK,qPCR,9.95,2591.79
52345-186,1,2,22,ESP_WCR-117-026,Feb_2023,ESP,PB114,2023,1,31,47.742827,-122.729805,5,pen,see_attached,filter,10:33:57,10:33:57,11:11:47,2,5,100,MCE,25,RNAlater,QBTK,qPCR,9.95,2741.6
52345-186,1,3,22,ESP_WCR-117-026,Feb_2023,ESP,PB114,2023,1,31,47.742827,-122.729805,5,pen,see_attached,filter,10:33:57,10:33:57,11:11:47,2,5,100,MCE,25,RNAlater,QBTK,qPCR,9.95,2644.34
52345-187,1,1,23,ESP_WCR-117-088,Feb_2023,ESP,PB114,2023,1,31,47.742827,-122.729805,5,pen,see_attached,filter,11:43:23,11:43:23,12:21:06,2,5,100,MCE,25,RNAlater,QBTK,qPCR,7.88,96.66
52345-187,1,2,23,ESP_WCR-117-088,Feb_2023,ESP,PB114,2023,1,31,47.742827,-122.729805,5,pen,see_attached,filter,11:43:23,11:43:23,12:21:06,2,5,100,MCE,25,RNAlater,QBTK,qPCR,7.88,87.53
52345-187,1,3,23,ESP_WCR-117-088,Feb_2023,ESP,PB114,2023,1,31,47.742827,-122.729805,5,pen,see_attached,filter,11:43:23,11:43:23,12:21:06,2,5,100,MCE,25,RNAlater,QBTK,qPCR,7.88,87.52
52345-188,1,1,24,ESP_WCR-117-098,Feb_2023,ESP,PB114,2023,1,31,47.742827,-122.729805,5,pen,see_attached,filter,12:52:38,12:52:38,13:30:19,2,5,100,MCE,25,RNAlater,QBTK,qPCR,10,47.55
52345-188,1,2,24,ESP_WCR-117-098,Feb_2023,ESP,PB114,2023,1,31,47.742827,-122.729805,5,pen,see_attached,filter,12:52:38,12:52:38,13:30:19,2,5,100,MCE,25,RNAlater,QBTK,qPCR,10,35.11
52345-188,1,3,24,ESP_WCR-117-098,Feb_2023,ESP,PB114,2023,1,31,47.742827,-122.729805,5,pen,see_attached,filter,12:52:38,12:52:38,13:30:19,2,5,100,MCE,25,RNAlater,QBTK,qPCR,10,29.85
52345-189,1,1,25,ESP_WCR-117-096,Feb_2023,ESP,PB114,2023,1,31,47.742827,-122.729805,5,pen,see_attached,filter,14:01:50,14:01:50,14:39:44,2,5,100,MCE,25,RNAlater,QBTK,qPCR,10,16024.53
52345-189,1,2,25,ESP_WCR-117-096,Feb_2023,ESP,PB114,2023,1,31,47.742827,-122.729805,5,pen,see_attached,filter,14:01:50,14:01:50,14:39:44,2,5,100,MCE,25,RNAlater,QBTK,qPCR,10,14793.13
52345-189,1,3,25,ESP_WCR-117-096,Feb_2023,ESP,PB114,2023,1,31,47.742827,-122.729805,5,pen,see_attached,filter,14:01:50,14:01:50,14:39:44,2,5,100,MCE,25,RNAlater,QBTK,qPCR,10,14095.23
52345-190,1,1,26,ESP_WCR-117-111,Feb_2023,ESP,PB114,2023,1,31,47.742827,-122.729805,5,pen,see_attached,filter,15:19:02,15:19:02,15:56:46,2,5,100,MCE,25,RNAlater,QBTK,qPCR,13.7,4103.26
52345-190,1,2,26,ESP_WCR-117-111,Feb_2023,ESP,PB114,2023,1,31,47.742827,-122.729805,5,pen,see_attached,filter,15:19:02,15:19:02,15:56:46,2,5,100,MCE,25,RNAlater,QBTK,qPCR,13.7,3598.38
52345-190,1,3,26,ESP_WCR-117-111,Feb_2023,ESP,PB114,2023,1,31,47.742827,-122.729805,5,pen,see_attached,filter,15:19:02,15:19:02,15:56:46,2,5,100,MCE,25,RNAlater,QBTK,qPCR,13.7,3638.77
52345-191,1,1,27,ESP_WCR-117-033,Feb_2023,ESP,PB114,2023,1,31,47.742827,-122.729805,5,pen,see_attached,filter,16:28:20,16:28:20,17:06:04,2,5,100,MCE,25,RNAlater,QBTK,qPCR,11.9,741.28
52345-191,1,2,27,ESP_WCR-117-033,Feb_2023,ESP,PB114,2023,1,31,47.742827,-122.729805,5,pen,see_attached,filter,16:28:20,16:28:20,17:06:04,2,5,100,MCE,25,RNAlater,QBTK,qPCR,11.9,777.63
52345-191,1,3,27,ESP_WCR-117-033,Feb_2023,ESP,PB114,2023,1,31,47.742827,-122.729805,5,pen,see_attached,filter,16:28:20,16:28:20,17:06:04,2,5,100,MCE,25,RNAlater,QBTK,qPCR,11.9,647.02
52345-192,1,1,28,ESP_WCR-117-097,Feb_2023,ESP,PB114,2023,1,31,47.742827,-122.729805,5,pen,see_attached,filter,17:37:27,17:37:27,18:15:03,2,5,100,MCE,25,RNAlater,QBTK,qPCR,6.63,208.34
52345-192,1,2,28,ESP_WCR-117-097,Feb_2023,ESP,PB114,2023,1,31,47.742827,-122.729805,5,pen,see_attached,filter,17:37:27,17:37:27,18:15:03,2,5,100,MCE,25,RNAlater,QBTK,qPCR,6.63,196.85
52345-192,1,3,28,ESP_WCR-117-097,Feb_2023,ESP,PB114,2023,1,31,47.742827,-122.729805,5,pen,see_attached,filter,17:37:27,17:37:27,18:15:03,2,5,100,MCE,25,RNAlater,QBTK,qPCR,6.63,177.51
52345-193,1,1,29,ESP_WCR-117-003,Feb_2023,ESP,PB114,2023,1,31,47.742827,-122.729805,5,pen,see_attached,filter,18:46:41,18:46:41,19:24:23,2,5,100,MCE,25,RNAlater,QBTK,qPCR,4.44,224.94
52345-193,1,2,29,ESP_WCR-117-003,Feb_2023,ESP,PB114,2023,1,31,47.742827,-122.729805,5,pen,see_attached,filter,18:46:41,18:46:41,19:24:23,2,5,100,MCE,25,RNAlater,QBTK,qPCR,4.44,214.79
52345-193,1,3,29,ESP_WCR-117-003,Feb_2023,ESP,PB114,2023,1,31,47.742827,-122.729805,5,pen,see_attached,filter,18:46:41,18:46:41,19:24:23,2,5,100,MCE,25,RNAlater,QBTK,qPCR,4.44,179.37
52345-194,1,1,30,ESP_WCR-117-119,Feb_2023,ESP,PB114,2023,1,31,47.742827,-122.729805,5,pen,see_attached,filter,19:56:00,19:56:00,20:33:44,2,5,100,MCE,25,RNAlater,QBTK,qPCR,7.71,161.76
52345-194,1,2,30,ESP_WCR-117-119,Feb_2023,ESP,PB114,2023,1,31,47.742827,-122.729805,5,pen,see_attached,filter,19:56:00,19:56:00,20:33:44,2,5,100,MCE,25,RNAlater,QBTK,qPCR,7.71,151.26
52345-194,1,3,30,ESP_WCR-117-119,Feb_2023,ESP,PB114,2023,1,31,47.742827,-122.729805,5,pen,see_attached,filter,19:56:00,19:56:00,20:33:44,2,5,100,MCE,25,RNAlater,QBTK,qPCR,7.71,145.86
52345-195,1,1,31,ESP_WCR-117-110,Feb_2023,ESP,PB114,2023,1,31,47.742827,-122.729805,5,pen,see_attached,filter,21:13:10,21:13:10,21:50:38,2,5,100,MCE,25,RNAlater,QBTK,qPCR,8.34,96.45
52345-195,1,2,31,ESP_WCR-117-110,Feb_2023,ESP,PB114,2023,1,31,47.742827,-122.729805,5,pen,see_attached,filter,21:13:10,21:13:10,21:50:38,2,5,100,MCE,25,RNAlater,QBTK,qPCR,8.34,87.95
52345-195,1,3,31,ESP_WCR-117-110,Feb_2023,ESP,PB114,2023,1,31,47.742827,-122.729805,5,pen,see_attached,filter,21:13:10,21:13:10,21:50:38,2,5,100,MCE,25,RNAlater,QBTK,qPCR,8.34,72.47
52345-196,1,1,32,ESP_WCR-117-015,Feb_2023,ESP,PB114,2023,1,31,47.742827,-122.729805,5,pen,see_attached,filter,22:22:16,22:22:16,22:59:52,2,5,100,MCE,25,RNAlater,QBTK,qPCR,13.9,56.07
52345-196,1,2,32,ESP_WCR-117-015,Feb_2023,ESP,PB114,2023,1,31,47.742827,-122.729805,5,pen,see_attached,filter,22:22:16,22:22:16,22:59:52,2,5,100,MCE,25,RNAlater,QBTK,qPCR,13.9,78.57
52345-196,1,3,32,ESP_WCR-117-015,Feb_2023,ESP,PB114,2023,1,31,47.742827,-122.729805,5,pen,see_attached,filter,22:22:16,22:22:16,22:59:52,2,5,100,MCE,25,RNAlater,QBTK,qPCR,13.9,76.28
52345-197,1,1,33,ESP_WCR-117-062,Feb_2023,ESP,PB114,2023,1,31,47.742827,-122.729805,5,pen,see_attached,filter,23:31:29,23:31:29,0:09:02,2,5,100,MCE,25,RNAlater,QBTK,qPCR,9.9,219.81
52345-197,1,2,33,ESP_WCR-117-062,Feb_2023,ESP,PB114,2023,1,31,47.742827,-122.729805,5,pen,see_attached,filter,23:31:29,23:31:29,0:09:02,2,5,100,MCE,25,RNAlater,QBTK,qPCR,9.9,246
52345-197,1,3,33,ESP_WCR-117-062,Feb_2023,ESP,PB114,2023,1,31,47.742827,-122.729805,5,pen,see_attached,filter,23:31:29,23:31:29,0:09:02,2,5,100,MCE,25,RNAlater,QBTK,qPCR,9.9,196.1
52345-198,1,1,34,ESP_WCR-117-070,Feb_2023,ESP,PB114,2023,1,31,47.742827,-122.729805,5,pen,see_attached,filter,0:40:41,0:40:41,1:18:10,2,5,100,MCE,25,RNAlater,QBTK,qPCR,11.7,84947.2
52345-198,1,2,34,ESP_WCR-117-070,Feb_2023,ESP,PB114,2023,1,31,47.742827,-122.729805,5,pen,see_attached,filter,0:40:41,0:40:41,1:18:10,2,5,100,MCE,25,RNAlater,QBTK,qPCR,11.7,76988.52
52345-198,1,3,34,ESP_WCR-117-070,Feb_2023,ESP,PB114,2023,1,31,47.742827,-122.729805,5,pen,see_attached,filter,0:40:41,0:40:41,1:18:10,2,5,100,MCE,25,RNAlater,QBTK,qPCR,11.7,55762.08
52345-199,1,1,35,ESP_WCR-117-069,Feb_2023,ESP,PB114,2023,1,31,47.742827,-122.729805,5,pen,see_attached,filter,1:49:51,1:49:51,2:27:28,2,5,100,MCE,25,RNAlater,QBTK,qPCR,13.3,7738.69
52345-199,1,2,35,ESP_WCR-117-069,Feb_2023,ESP,PB114,2023,1,31,47.742827,-122.729805,5,pen,see_attached,filter,1:49:51,1:49:51,2:27:28,2,5,100,MCE,25,RNAlater,QBTK,qPCR,13.3,7284.95
52345-199,1,3,35,ESP_WCR-117-069,Feb_2023,ESP,PB114,2023,1,31,47.742827,-122.729805,5,pen,see_attached,filter,1:49:51,1:49:51,2:27:28,2,5,100,MCE,25,RNAlater,QBTK,qPCR,13.3,7321.97
52345-200,1,1,36,ESP_WCR-117-056,Feb_2023,ESP,PB114,2023,2,1,47.742827,-122.729805,5,pen,see_attached,filter,3:06:55,3:06:55,3:44:26,2,5,100,MCE,25,RNAlater,QBTK,qPCR,23.6,1326.36
52345-200,1,2,36,ESP_WCR-117-056,Feb_2023,ESP,PB114,2023,2,1,47.742827,-122.729805,5,pen,see_attached,filter,3:06:55,3:06:55,3:44:26,2,5,100,MCE,25,RNAlater,QBTK,qPCR,23.6,1196.28
52345-200,1,3,36,ESP_WCR-117-056,Feb_2023,ESP,PB114,2023,2,1,47.742827,-122.729805,5,pen,see_attached,filter,3:06:55,3:06:55,3:44:26,2,5,100,MCE,25,RNAlater,QBTK,qPCR,23.6,1025.28
52345-201,1,1,37,ESP_WCR-117-027,Feb_2023,ESP,PB114,2023,2,1,47.742827,-122.729805,5,pen,see_attached,filter,4:16:06,4:16:06,4:53:59,2,5,100,MCE,25,RNAlater,QBTK,qPCR,17.8,308.03
52345-201,1,2,37,ESP_WCR-117-027,Feb_2023,ESP,PB114,2023,2,1,47.742827,-122.729805,5,pen,see_attached,filter,4:16:06,4:16:06,4:53:59,2,5,100,MCE,25,RNAlater,QBTK,qPCR,17.8,265.93
52345-201,1,3,37,ESP_WCR-117-027,Feb_2023,ESP,PB114,2023,2,1,47.742827,-122.729805,5,pen,see_attached,filter,4:16:06,4:16:06,4:53:59,2,5,100,MCE,25,RNAlater,QBTK,qPCR,17.8,273.21
52345-202,1,1,38,ESP_WCR-117-020,Feb_2023,ESP,PB114,2023,2,1,47.742827,-122.729805,5,pen,see_attached,filter,5:25:39,5:25:39,6:03:27,2,5,100,MCE,25,RNAlater,QBTK,qPCR,12.1,916.03
52345-202,1,2,38,ESP_WCR-117-020,Feb_2023,ESP,PB114,2023,2,1,47.742827,-122.729805,5,pen,see_attached,filter,5:25:39,5:25:39,6:03:27,2,5,100,MCE,25,RNAlater,QBTK,qPCR,12.1,854.67
52345-202,1,3,38,ESP_WCR-117-020,Feb_2023,ESP,PB114,2023,2,1,47.742827,-122.729805,5,pen,see_attached,filter,5:25:39,5:25:39,6:03:27,2,5,100,MCE,25,RNAlater,QBTK,qPCR,12.1,741.57
52345-203,1,1,39,ESP_WCR-117-083,Feb_2023,ESP,PB114,2023,2,1,47.742827,-122.729805,5,pen,see_attached,filter,6:35:07,6:35:07,7:12:52,2,5,100,MCE,25,RNAlater,QBTK,qPCR,6.14,282.54
52345-203,1,2,39,ESP_WCR-117-083,Feb_2023,ESP,PB114,2023,2,1,47.742827,-122.729805,5,pen,see_attached,filter,6:35:07,6:35:07,7:12:52,2,5,100,MCE,25,RNAlater,QBTK,qPCR,6.14,308.35
52345-203,1,3,39,ESP_WCR-117-083,Feb_2023,ESP,PB114,2023,2,1,47.742827,-122.729805,5,pen,see_attached,filter,6:35:07,6:35:07,7:12:52,2,5,100,MCE,25,RNAlater,QBTK,qPCR,6.14,294.98
52345-204,1,1,40,ESP_WCR-117-049,Feb_2023,ESP,PB114,2023,2,1,47.742827,-122.729805,5,pen,see_attached,filter,7:44:33,7:44:33,8:22:17,2,5,100,MCE,25,RNAlater,QBTK,qPCR,6.65,138.48
52345-204,1,2,40,ESP_WCR-117-049,Feb_2023,ESP,PB114,2023,2,1,47.742827,-122.729805,5,pen,see_attached,filter,7:44:33,7:44:33,8:22:17,2,5,100,MCE,25,RNAlater,QBTK,qPCR,6.65,157.83
52345-204,1,3,40,ESP_WCR-117-049,Feb_2023,ESP,PB114,2023,2,1,47.742827,-122.729805,5,pen,see_attached,filter,7:44:33,7:44:33,8:22:17,2,5,100,MCE,25,RNAlater,QBTK,qPCR,6.65,130.75
52345-205,1,1,41,ESP_WCR-117-051,Feb_2023,ESP,PB114,2023,2,1,47.742827,-122.729805,5,pen,see_attached,filter,9:01:48,9:01:48,9:39:23,2,5,100,MCE,25,RNAlater,QBTK,qPCR,7.33,222.21
52345-205,1,2,41,ESP_WCR-117-051,Feb_2023,ESP,PB114,2023,2,1,47.742827,-122.729805,5,pen,see_attached,filter,9:01:48,9:01:48,9:39:23,2,5,100,MCE,25,RNAlater,QBTK,qPCR,7.33,183.18
52345-205,1,3,41,ESP_WCR-117-051,Feb_2023,ESP,PB114,2023,2,1,47.742827,-122.729805,5,pen,see_attached,filter,9:01:48,9:01:48,9:39:23,2,5,100,MCE,25,RNAlater,QBTK,qPCR,7.33,178.98
52345-206,1,1,42,ESP_WCR-117-109,Feb_2023,ESP,PB114,2023,2,1,47.742827,-122.729805,5,pen,see_attached,filter,10:11:00,10:11:00,10:48:37,2,5,100,MCE,25,RNAlater,QBTK,qPCR,15.7,7114.86
52345-206,1,2,42,ESP_WCR-117-109,Feb_2023,ESP,PB114,2023,2,1,47.742827,-122.729805,5,pen,see_attached,filter,10:11:00,10:11:00,10:48:37,2,5,100,MCE,25,RNAlater,QBTK,qPCR,15.7,6739.1
52345-206,1,3,42,ESP_WCR-117-109,Feb_2023,ESP,PB114,2023,2,1,47.742827,-122.729805,5,pen,see_attached,filter,10:11:00,10:11:00,10:48:37,2,5,100,MCE,25,RNAlater,QBTK,qPCR,15.7,6036.95
52345-207,1,1,43,ESP_WCR-117-031,Feb_2023,ESP,PB114,2023,2,1,47.742827,-122.729805,5,pen,see_attached,filter,11:20:11,11:20:11,11:57:43,2,5,100,MCE,25,RNAlater,QBTK,qPCR,6.19,6550.95
52345-207,1,2,43,ESP_WCR-117-031,Feb_2023,ESP,PB114,2023,2,1,47.742827,-122.729805,5,pen,see_attached,filter,11:20:11,11:20:11,11:57:43,2,5,100,MCE,25,RNAlater,QBTK,qPCR,6.19,5721.65
52345-207,1,3,43,ESP_WCR-117-031,Feb_2023,ESP,PB114,2023,2,1,47.742827,-122.729805,5,pen,see_attached,filter,11:20:11,11:20:11,11:57:43,2,5,100,MCE,25,RNAlater,QBTK,qPCR,6.19,6223.26
52345-208,1,1,44,ESP_WCR-117-009,Feb_2023,ESP,PB114,2023,2,1,47.742827,-122.729805,5,pen,see_attached,filter,12:29:17,12:29:17,13:06:55,2,5,100,MCE,25,RNAlater,QBTK,qPCR,4.95,7604.68
52345-208,1,2,44,ESP_WCR-117-009,Feb_2023,ESP,PB114,2023,2,1,47.742827,-122.729805,5,pen,see_attached,filter,12:29:17,12:29:17,13:06:55,2,5,100,MCE,25,RNAlater,QBTK,qPCR,4.95,6508.18
52345-208,1,3,44,ESP_WCR-117-009,Feb_2023,ESP,PB114,2023,2,1,47.742827,-122.729805,5,pen,see_attached,filter,12:29:17,12:29:17,13:06:55,2,5,100,MCE,25,RNAlater,QBTK,qPCR,4.95,6858.71
52345-209,1,1,45,ESP_WCR-117-100,Feb_2023,ESP,PB114,2023,2,1,47.742827,-122.729805,5,pen,see_attached,filter,13:38:27,13:38:27,14:16:00,2,5,100,MCE,25,RNAlater,QBTK,qPCR,5.03,1119.51
52345-209,1,2,45,ESP_WCR-117-100,Feb_2023,ESP,PB114,2023,2,1,47.742827,-122.729805,5,pen,see_attached,filter,13:38:27,13:38:27,14:16:00,2,5,100,MCE,25,RNAlater,QBTK,qPCR,5.03,1033.37
52345-209,1,3,45,ESP_WCR-117-100,Feb_2023,ESP,PB114,2023,2,1,47.742827,-122.729805,5,pen,see_attached,filter,13:38:27,13:38:27,14:16:00,2,5,100,MCE,25,RNAlater,QBTK,qPCR,5.03,1011.03
52345-210,1,1,46,ESP_WCR-117-077,Feb_2023,ESP,PB114,2023,2,1,47.742827,-122.729805,5,pen,see_attached,filter,14:55:17,14:55:17,15:32:49,2,5,100,MCE,25,RNAlater,QBTK,qPCR,9.53,432.87
52345-210,1,2,46,ESP_WCR-117-077,Feb_2023,ESP,PB114,2023,2,1,47.742827,-122.729805,5,pen,see_attached,filter,14:55:17,14:55:17,15:32:49,2,5,100,MCE,25,RNAlater,QBTK,qPCR,9.53,350.86
52345-210,1,3,46,ESP_WCR-117-077,Feb_2023,ESP,PB114,2023,2,1,47.742827,-122.729805,5,pen,see_attached,filter,14:55:17,14:55:17,15:32:49,2,5,100,MCE,25,RNAlater,QBTK,qPCR,9.53,383.58
52345-211,1,1,47,ESP_WCR-117-112,Feb_2023,ESP,PB114,2023,2,1,47.742827,-122.729805,5,pen,see_attached,filter,16:04:22,16:04:22,16:43:49,2,5,100,MCE,25,RNAlater,QBTK,qPCR,8.35,318.2
52345-211,1,2,47,ESP_WCR-117-112,Feb_2023,ESP,PB114,2023,2,1,47.742827,-122.729805,5,pen,see_attached,filter,16:04:22,16:04:22,16:43:49,2,5,100,MCE,25,RNAlater,QBTK,qPCR,8.35,371.86
52345-211,1,3,47,ESP_WCR-117-112,Feb_2023,ESP,PB114,2023,2,1,47.742827,-122.729805,5,pen,see_attached,filter,16:04:22,16:04:22,16:43:49,2,5,100,MCE,25,RNAlater,QBTK,qPCR,8.35,412.06
52345-212,1,1,48,ESP_WCR-117-094,Feb_2023,ESP,PB114,2023,2,1,47.742827,-122.729805,5,pen,see_attached,filter,17:15:18,17:15:18,17:51:06,2,5,100,MCE,25,RNAlater,QBTK,qPCR,5.02,479.55
52345-212,1,2,48,ESP_WCR-117-094,Feb_2023,ESP,PB114,2023,2,1,47.742827,-122.729805,5,pen,see_attached,filter,17:15:18,17:15:18,17:51:06,2,5,100,MCE,25,RNAlater,QBTK,qPCR,5.02,521.89
52345-212,1,3,48,ESP_WCR-117-094,Feb_2023,ESP,PB114,2023,2,1,47.742827,-122.729805,5,pen,see_attached,filter,17:15:18,17:15:18,17:51:06,2,5,100,MCE,25,RNAlater,QBTK,qPCR,5.02,457.87
52345-089,1,1,49,decay_t0_0hrs_1,Feb_2023,decay,PB116,2023,1,30,NA,NA,0,pen,0,SR,15:20,15:20,15:20,1,5,100,MCE,47,longmires,PCI,qPCR,52.5,1607.09
52345-089,1,2,49,decay_t0_0hrs_1,Feb_2023,decay,PB116,2023,1,30,NA,NA,0,pen,0,SR,15:20,15:20,15:20,1,5,100,MCE,47,longmires,PCI,qPCR,52.5,1587.94
52345-089,1,3,49,decay_t0_0hrs_1,Feb_2023,decay,PB116,2023,1,30,NA,NA,0,pen,0,SR,15:20,15:20,15:20,1,5,100,MCE,47,longmires,PCI,qPCR,52.5,1712.84
52345-090,2,1,49,decay_t0_0hrs_2,Feb_2023,decay,PB116,2023,1,30,NA,NA,0,pen,0,SR,15:20,15:20,15:20,1,5,100,MCE,47,longmires,PCI,qPCR,44.3,1410.38
52345-090,2,2,49,decay_t0_0hrs_2,Feb_2023,decay,PB116,2023,1,30,NA,NA,0,pen,0,SR,15:20,15:20,15:20,1,5,100,MCE,47,longmires,PCI,qPCR,44.3,1422.93
52345-090,2,3,49,decay_t0_0hrs_2,Feb_2023,decay,PB116,2023,1,30,NA,NA,0,pen,0,SR,15:20,15:20,15:20,1,5,100,MCE,47,longmires,PCI,qPCR,44.3,1378.29
52345-091,3,1,49,decay_t0_0hrs_3,Feb_2023,decay,PB116,2023,1,30,NA,NA,0,pen,0,SR,15:20,15:20,15:20,1,5,100,MCE,47,longmires,PCI,qPCR,44.6,1481.56
52345-091,3,2,49,decay_t0_0hrs_3,Feb_2023,decay,PB116,2023,1,30,NA,NA,0,pen,0,SR,15:20,15:20,15:20,1,5,100,MCE,47,longmires,PCI,qPCR,44.6,1723.30
52345-091,3,3,49,decay_t0_0hrs_3,Feb_2023,decay,PB116,2023,1,30,NA,NA,0,pen,0,SR,15:20,15:20,15:20,1,5,100,MCE,47,longmires,PCI,qPCR,44.6,1572.20
52345-092,1,1,50,decay_t1_2hrs_1,Feb_2023,decay,PB116,2023,1,30,NA,NA,0,pen,0,SR,15:20,17:40,17:40,1,5,100,MCE,47,longmires,PCI,qPCR,12.7,919.34
52345-092,1,2,50,decay_t1_2hrs_1,Feb_2023,decay,PB116,2023,1,30,NA,NA,0,pen,0,SR,15:20,17:40,17:40,1,5,100,MCE,47,longmires,PCI,qPCR,12.7,853.66
52345-092,1,3,50,decay_t1_2hrs_1,Feb_2023,decay,PB116,2023,1,30,NA,NA,0,pen,0,SR,15:20,17:40,17:40,1,5,100,MCE,47,longmires,PCI,qPCR,12.7,866.97
52345-093,2,1,50,decay_t1_2hrs_2,Feb_2023,decay,PB116,2023,1,30,NA,NA,0,pen,0,SR,15:20,17:40,17:40,1,5,100,MCE,47,longmires,PCI,qPCR,19.5,767.39
52345-093,2,2,50,decay_t1_2hrs_2,Feb_2023,decay,PB116,2023,1,30,NA,NA,0,pen,0,SR,15:20,17:40,17:40,1,5,100,MCE,47,longmires,PCI,qPCR,19.5,735.90
52345-093,2,3,50,decay_t1_2hrs_2,Feb_2023,decay,PB116,2023,1,30,NA,NA,0,pen,0,SR,15:20,17:40,17:40,1,5,100,MCE,47,longmires,PCI,qPCR,19.5,771.18
52345-094,3,1,50,decay_t1_2hrs_3,Feb_2023,decay,PB116,2023,1,30,NA,NA,0,pen,0,SR,15:20,17:40,17:40,1,5,100,MCE,47,longmires,PCI,qPCR,17.8,973.41
52345-094,3,2,50,decay_t1_2hrs_3,Feb_2023,decay,PB116,2023,1,30,NA,NA,0,pen,0,SR,15:20,17:40,17:40,1,5,100,MCE,47,longmires,PCI,qPCR,17.8,1024.56
52345-094,3,3,50,decay_t1_2hrs_3,Feb_2023,decay,PB116,2023,1,30,NA,NA,0,pen,0,SR,15:20,17:40,17:40,1,5,100,MCE,47,longmires,PCI,qPCR,17.8,1070.24
52345-095,1,1,51,decay_t2_4hrs_1,Feb_2023,decay,PB116,2023,1,30,NA,NA,0,pen,0,SR,15:20,19:30,19:30,1,5,100,MCE,47,longmires,PCI,qPCR,23.8,989.24
52345-095,1,2,51,decay_t2_4hrs_1,Feb_2023,decay,PB116,2023,1,30,NA,NA,0,pen,0,SR,15:20,19:30,19:30,1,5,100,MCE,47,longmires,PCI,qPCR,23.8,1208.20
52345-095,1,3,51,decay_t2_4hrs_1,Feb_2023,decay,PB116,2023,1,30,NA,NA,0,pen,0,SR,15:20,19:30,19:30,1,5,100,MCE,47,longmires,PCI,qPCR,23.8,967.65
52345-096,2,1,51,decay_t2_4hrs_2,Feb_2023,decay,PB116,2023,1,30,NA,NA,0,pen,0,SR,15:20,19:30,19:30,1,5,100,MCE,47,longmires,PCI,qPCR,6.01,541.38
52345-096,2,2,51,decay_t2_4hrs_2,Feb_2023,decay,PB116,2023,1,30,NA,NA,0,pen,0,SR,15:20,19:30,19:30,1,5,100,MCE,47,longmires,PCI,qPCR,6.01,627.88
52345-096,2,3,51,decay_t2_4hrs_2,Feb_2023,decay,PB116,2023,1,30,NA,NA,0,pen,0,SR,15:20,19:30,19:30,1,5,100,MCE,47,longmires,PCI,qPCR,6.01,537.69
52345-097,3,1,51,decay_t2_4hrs_3,Feb_2023,decay,PB116,2023,1,30,NA,NA,0,pen,0,SR,15:20,19:30,19:30,1,5,100,MCE,47,longmires,PCI,qPCR,22.4,894.48
52345-097,3,2,51,decay_t2_4hrs_3,Feb_2023,decay,PB116,2023,1,30,NA,NA,0,pen,0,SR,15:20,19:30,19:30,1,5,100,MCE,47,longmires,PCI,qPCR,22.4,777.95
52345-097,3,3,51,decay_t2_4hrs_3,Feb_2023,decay,PB116,2023,1,30,NA,NA,0,pen,0,SR,15:20,19:30,19:30,1,5,100,MCE,47,longmires,PCI,qPCR,22.4,750.72
52345-098,1,1,52,decay_t3_6hrs_1,Feb_2023,decay,PB116,2023,1,30,NA,NA,0,pen,0,SR,15:20,21:30,21:30,1,5,100,MCE,47,longmires,PCI,qPCR,23.8,734.46
52345-098,1,2,52,decay_t3_6hrs_1,Feb_2023,decay,PB116,2023,1,30,NA,NA,0,pen,0,SR,15:20,21:30,21:30,1,5,100,MCE,47,longmires,PCI,qPCR,23.8,731.58
52345-098,1,3,52,decay_t3_6hrs_1,Feb_2023,decay,PB116,2023,1,30,NA,NA,0,pen,0,SR,15:20,21:30,21:30,1,5,100,MCE,47,longmires,PCI,qPCR,23.8,873.41
52345-099,2,1,52,decay_t3_6hrs_2,Feb_2023,decay,PB116,2023,1,30,NA,NA,0,pen,0,SR,15:20,21:30,21:30,1,5,100,MCE,47,longmires,PCI,qPCR,16.4,600.98
52345-099,2,2,52,decay_t3_6hrs_2,Feb_2023,decay,PB116,2023,1,30,NA,NA,0,pen,0,SR,15:20,21:30,21:30,1,5,100,MCE,47,longmires,PCI,qPCR,16.4,556.73
52345-099,2,3,52,decay_t3_6hrs_2,Feb_2023,decay,PB116,2023,1,30,NA,NA,0,pen,0,SR,15:20,21:30,21:30,1,5,100,MCE,47,longmires,PCI,qPCR,16.4,586.04
52345-100,3,1,52,decay_t3_6hrs_3,Feb_2023,decay,PB116,2023,1,30,NA,NA,0,pen,0,SR,15:20,21:30,21:30,1,5,100,MCE,47,longmires,PCI,qPCR,34.3,777.74
52345-100,3,2,52,decay_t3_6hrs_3,Feb_2023,decay,PB116,2023,1,30,NA,NA,0,pen,0,SR,15:20,21:30,21:30,1,5,100,MCE,47,longmires,PCI,qPCR,34.3,810.27
52345-100,3,3,52,decay_t3_6hrs_3,Feb_2023,decay,PB116,2023,1,30,NA,NA,0,pen,0,SR,15:20,21:30,21:30,1,5,100,MCE,47,longmires,PCI,qPCR,34.3,759.65
52345-101,1,1,53,decay_t4_17.5hrs_1,Feb_2023,decay,PB116,2023,1,30,NA,NA,0,pen,0,SR,15:20,8:45,8:45,1,5,100,MCE,47,longmires,PCI,qPCR,48.4,813.69
52345-101,1,2,53,decay_t4_17.5hrs_1,Feb_2023,decay,PB116,2023,1,30,NA,NA,0,pen,0,SR,15:20,8:45,8:45,1,5,100,MCE,47,longmires,PCI,qPCR,48.4,872.77
52345-101,1,3,53,decay_t4_17.5hrs_1,Feb_2023,decay,PB116,2023,1,30,NA,NA,0,pen,0,SR,15:20,8:45,8:45,1,5,100,MCE,47,longmires,PCI,qPCR,48.4,1064.74
52345-102,2,1,53,decay_t4_17.5hrs_2,Feb_2023,decay,PB116,2023,1,31,NA,NA,0,pen,0,SR,15:20,8:45,8:45,1,5,100,MCE,47,longmires,PCI,qPCR,16.2,641.95
52345-102,2,2,53,decay_t4_17.5hrs_2,Feb_2023,decay,PB116,2023,1,31,NA,NA,0,pen,0,SR,15:20,8:45,8:45,1,5,100,MCE,47,longmires,PCI,qPCR,16.2,633.38
52345-102,2,3,53,decay_t4_17.5hrs_2,Feb_2023,decay,PB116,2023,1,31,NA,NA,0,pen,0,SR,15:20,8:45,8:45,1,5,100,MCE,47,longmires,PCI,qPCR,16.2,579.33
52345-103,3,1,53,decay_t4_17.5hrs_3,Feb_2023,decay,PB116,2023,1,31,NA,NA,0,pen,0,SR,15:20,8:45,8:45,1,5,100,MCE,47,longmires,PCI,qPCR,27.9,823.34
52345-103,3,2,53,decay_t4_17.5hrs_3,Feb_2023,decay,PB116,2023,1,31,NA,NA,0,pen,0,SR,15:20,8:45,8:45,1,5,100,MCE,47,longmires,PCI,qPCR,27.9,779.10
52345-103,3,3,53,decay_t4_17.5hrs_3,Feb_2023,decay,PB116,2023,1,31,NA,NA,0,pen,0,SR,15:20,8:45,8:45,1,5,100,MCE,47,longmires,PCI,qPCR,27.9,678.04
52345-104,1,1,54,decay_t5_24hrs_1,Feb_2023,decay,PB116,2023,1,31,NA,NA,0,pen,0,SR,15:20,16:50,16:50,1,5,100,MCE,47,longmires,PCI,qPCR,37.1,789.46
52345-104,1,2,54,decay_t5_24hrs_1,Feb_2023,decay,PB116,2023,1,31,NA,NA,0,pen,0,SR,15:20,16:50,16:50,1,5,100,MCE,47,longmires,PCI,qPCR,37.1,897.74
52345-104,1,3,54,decay_t5_24hrs_1,Feb_2023,decay,PB116,2023,1,31,NA,NA,0,pen,0,SR,15:20,16:50,16:50,1,5,100,MCE,47,longmires,PCI,qPCR,37.1,787.54
52345-105,2,1,54,decay_t5_24hrs_2,Feb_2023,decay,PB116,2023,1,31,NA,NA,0,pen,0,SR,15:20,16:50,16:50,1,5,100,MCE,47,longmires,PCI,qPCR,35.3,604.66
52345-105,2,2,54,decay_t5_24hrs_2,Feb_2023,decay,PB116,2023,1,31,NA,NA,0,pen,0,SR,15:20,16:50,16:50,1,5,100,MCE,47,longmires,PCI,qPCR,35.3,685.82
52345-105,2,3,54,decay_t5_24hrs_2,Feb_2023,decay,PB116,2023,1,31,NA,NA,0,pen,0,SR,15:20,16:50,16:50,1,5,100,MCE,47,longmires,PCI,qPCR,35.3,580.02
52345-106,3,1,54,decay_t5_24hrs_3,Feb_2023,decay,PB116,2023,1,31,NA,NA,0,pen,0,SR,15:20,16:50,16:50,1,5,100,MCE,47,longmires,PCI,qPCR,53.2,1007.04
52345-106,3,2,54,decay_t5_24hrs_3,Feb_2023,decay,PB116,2023,1,31,NA,NA,0,pen,0,SR,15:20,16:50,16:50,1,5,100,MCE,47,longmires,PCI,qPCR,53.2,851.90
52345-106,3,3,54,decay_t5_24hrs_3,Feb_2023,decay,PB116,2023,1,31,NA,NA,0,pen,0,SR,15:20,16:50,16:50,1,5,100,MCE,47,longmires,PCI,qPCR,53.2,878.40
52345-107,1,1,55,decay_t6_48hrs_1,Feb_2023,decay,PB116,2023,2,1,NA,NA,0,pen,0,SR,15:20,16:00,16:00,1,5,100,MCE,47,longmires,PCI,qPCR,22.9,387.10
52345-107,1,2,55,decay_t6_48hrs_1,Feb_2023,decay,PB116,2023,2,1,NA,NA,0,pen,0,SR,15:20,16:00,16:00,1,5,100,MCE,47,longmires,PCI,qPCR,22.9,330.13
52345-107,1,3,55,decay_t6_48hrs_1,Feb_2023,decay,PB116,2023,2,1,NA,NA,0,pen,0,SR,15:20,16:00,16:00,1,5,100,MCE,47,longmires,PCI,qPCR,22.9,346.84
52345-108,2,1,55,decay_t6_48hrs_2,Feb_2023,decay,PB116,2023,2,1,NA,NA,0,pen,0,SR,15:20,16:00,16:00,1,5,100,MCE,47,longmires,PCI,qPCR,TH,514.11
52345-108,2,2,55,decay_t6_48hrs_2,Feb_2023,decay,PB116,2023,2,1,NA,NA,0,pen,0,SR,15:20,16:00,16:00,1,5,100,MCE,47,longmires,PCI,qPCR,TH,537.91
52345-108,2,3,55,decay_t6_48hrs_2,Feb_2023,decay,PB116,2023,2,1,NA,NA,0,pen,0,SR,15:20,16:00,16:00,1,5,100,MCE,47,longmires,PCI,qPCR,TH,585.80
52345-109,3,1,55,decay_t6_48hrs_3,Feb_2023,decay,PB116,2023,2,1,NA,NA,0,pen,0,SR,15:20,16:00,16:00,1,5,100,MCE,47,longmires,PCI,qPCR,38.3,468.32
52345-109,3,2,55,decay_t6_48hrs_3,Feb_2023,decay,PB116,2023,2,1,NA,NA,0,pen,0,SR,15:20,16:00,16:00,1,5,100,MCE,47,longmires,PCI,qPCR,38.3,527.63
52345-109,3,3,55,decay_t6_48hrs_3,Feb_2023,decay,PB116,2023,2,1,NA,NA,0,pen,0,SR,15:20,16:00,16:00,1,5,100,MCE,47,longmires,PCI,qPCR,38.3,520.66
52345-110,1,1,56,decay_t7_5days_1,Feb_2023,decay,PB116,2023,2,4,NA,NA,0,pen,0,SR,15:20,9:15,9:15,1,5,100,MCE,47,longmires,PCI,qPCR,40.7,241.69
52345-110,1,2,56,decay_t7_5days_1,Feb_2023,decay,PB116,2023,2,4,NA,NA,0,pen,0,SR,15:20,9:15,9:15,1,5,100,MCE,47,longmires,PCI,qPCR,40.7,212.79
52345-110,1,3,56,decay_t7_5days_1,Feb_2023,decay,PB116,2023,2,4,NA,NA,0,pen,0,SR,15:20,9:15,9:15,1,5,100,MCE,47,longmires,PCI,qPCR,40.7,152.81
52345-111,2,1,56,decay_t7_5days_2,Feb_2023,decay,PB116,2023,2,4,NA,NA,0,pen,0,SR,15:20,9:15,9:15,1,5,100,MCE,47,longmires,PCI,qPCR,48.9,241.36
52345-111,2,2,56,decay_t7_5days_2,Feb_2023,decay,PB116,2023,2,4,NA,NA,0,pen,0,SR,15:20,9:15,9:15,1,5,100,MCE,47,longmires,PCI,qPCR,48.9,268.45
52345-111,2,3,56,decay_t7_5days_2,Feb_2023,decay,PB116,2023,2,4,NA,NA,0,pen,0,SR,15:20,9:15,9:15,1,5,100,MCE,47,longmires,PCI,qPCR,48.9,214.40
52345-112,3,1,56,decay_t7_5days_3,Feb_2023,decay,PB116,2023,2,4,NA,NA,0,pen,0,SR,15:20,9:15,9:15,1,5,100,MCE,47,longmires,PCI,qPCR,TH,249.85
52345-112,3,2,56,decay_t7_5days_3,Feb_2023,decay,PB116,2023,2,4,NA,NA,0,pen,0,SR,15:20,9:15,9:15,1,5,100,MCE,47,longmires,PCI,qPCR,TH,273.09
52345-112,3,3,56,decay_t7_5days_3,Feb_2023,decay,PB116,2023,2,4,NA,NA,0,pen,0,SR,15:20,9:15,9:15,1,5,100,MCE,47,longmires,PCI,qPCR,TH,243.19
52345-116,1,1,2,extra_SR_later_QBTK_1,Feb_2023,variability,PB117,2023,1,30,NA,NA,0,pool,0,SR,15:00,15:00,15:00,3,5,100,MCE,47,RNAlater,QBTK,qPCR,NA,81753.79
52345-116,1,2,2,extra_SR_later_QBTK_1,Feb_2023,variability,PB117,2023,1,30,NA,NA,0,pool,0,SR,15:00,15:00,15:00,3,5,100,MCE,47,RNAlater,QBTK,qPCR,NA,235352.07
52345-116,1,3,2,extra_SR_later_QBTK_1,Feb_2023,variability,PB117,2023,1,30,NA,NA,0,pool,0,SR,15:00,15:00,15:00,3,5,100,MCE,47,RNAlater,QBTK,qPCR,NA,74236.82
52345-117,2,1,2,extra_SR_later_QBTK_2,Feb_2023,variability,PB117,2023,1,30,NA,NA,0,pool,0,SR,15:00,15:00,15:00,3,5,100,MCE,47,RNAlater,QBTK,qPCR,NA,63532.23
52345-117,2,2,2,extra_SR_later_QBTK_2,Feb_2023,variability,PB117,2023,1,30,NA,NA,0,pool,0,SR,15:00,15:00,15:00,3,5,100,MCE,47,RNAlater,QBTK,qPCR,NA,58003.1
52345-117,2,3,2,extra_SR_later_QBTK_2,Feb_2023,variability,PB117,2023,1,30,NA,NA,0,pool,0,SR,15:00,15:00,15:00,3,5,100,MCE,47,RNAlater,QBTK,qPCR,NA,58517.43
52345-118,3,1,2,extra_SR_later_QBTK_3,Feb_2023,variability,PB117,2023,1,30,NA,NA,0,pool,0,SR,15:00,15:00,15:00,3,5,100,MCE,47,RNAlater,QBTK,qPCR,NA,72602.12
52345-118,3,2,2,extra_SR_later_QBTK_3,Feb_2023,variability,PB117,2023,1,30,NA,NA,0,pool,0,SR,15:00,15:00,15:00,3,5,100,MCE,47,RNAlater,QBTK,qPCR,NA,70276.57
52345-118,3,3,2,extra_SR_later_QBTK_3,Feb_2023,variability,PB117,2023,1,30,NA,NA,0,pool,0,SR,15:00,15:00,15:00,3,5,100,MCE,47,RNAlater,QBTK,qPCR,NA,71122.2
52345-119,4,1,2,extra_SR_later_QBTK_4,Feb_2023,variability,PB117,2023,1,30,NA,NA,0,pool,0,SR,15:00,15:00,15:00,3,5,100,MCE,47,RNAlater,QBTK,qPCR,NA,110115.56
52345-119,4,2,2,extra_SR_later_QBTK_4,Feb_2023,variability,PB117,2023,1,30,NA,NA,0,pool,0,SR,15:00,15:00,15:00,3,5,100,MCE,47,RNAlater,QBTK,qPCR,NA,113595
52345-119,4,3,2,extra_SR_later_QBTK_4,Feb_2023,variability,PB117,2023,1,30,NA,NA,0,pool,0,SR,15:00,15:00,15:00,3,5,100,MCE,47,RNAlater,QBTK,qPCR,NA,102280.01
52345-120,5,1,2,extra_SR_later_QBTK_5,Feb_2023,variability,PB117,2023,1,30,NA,NA,0,pool,0,SR,15:00,15:00,15:00,3,5,100,MCE,47,RNAlater,QBTK,qPCR,NA,229248.43
52345-120,5,2,2,extra_SR_later_QBTK_5,Feb_2023,variability,PB117,2023,1,30,NA,NA,0,pool,0,SR,15:00,15:00,15:00,3,5,100,MCE,47,RNAlater,QBTK,qPCR,NA,230466.16
52345-120,5,3,2,extra_SR_later_QBTK_5,Feb_2023,variability,PB117,2023,1,30,NA,NA,0,pool,0,SR,15:00,15:00,15:00,3,5,100,MCE,47,RNAlater,QBTK,qPCR,NA,209355.86
52345-121,6,1,2,extra_SR_later_QBTK_6,Feb_2023,variability,PB117,2023,1,30,NA,NA,0,pool,0,SR,15:00,15:00,15:00,3,5,100,MCE,47,RNAlater,QBTK,qPCR,NA,50895.25
52345-121,6,2,2,extra_SR_later_QBTK_6,Feb_2023,variability,PB117,2023,1,30,NA,NA,0,pool,0,SR,15:00,15:00,15:00,3,5,100,MCE,47,RNAlater,QBTK,qPCR,NA,48171.51
52345-121,6,3,2,extra_SR_later_QBTK_6,Feb_2023,variability,PB117,2023,1,30,NA,NA,0,pool,0,SR,15:00,15:00,15:00,3,5,100,MCE,47,RNAlater,QBTK,qPCR,NA,38481.69
52345-131,1,1,49,SR_ESP_1,Feb_2023,variability,PB117,2023,1,30,NA,NA,0,pen,0,SR,15:33,15:33,15:35,3,5,100,MCE,47,RNAlater,QBTK,qPCR,NA,24.46
52345-131,1,2,49,SR_ESP_1,Feb_2023,variability,PB117,2023,1,30,NA,NA,0,pen,0,SR,15:33,15:33,15:35,3,5,100,MCE,47,RNAlater,QBTK,qPCR,NA,21.66
52345-131,1,3,49,SR_ESP_1,Feb_2023,variability,PB117,2023,1,30,NA,NA,0,pen,0,SR,15:33,15:33,15:35,3,5,100,MCE,47,RNAlater,QBTK,qPCR,NA,19.89
52345-132,2,1,49,SR_ESP_2,Feb_2023,variability,PB117,2023,1,30,NA,NA,0,pen,0,SR,15:33,15:33,15:35,3,5,100,MCE,47,RNAlater,QBTK,qPCR,NA,23.99
52345-132,2,2,49,SR_ESP_2,Feb_2023,variability,PB117,2023,1,30,NA,NA,0,pen,0,SR,15:33,15:33,15:35,3,5,100,MCE,47,RNAlater,QBTK,qPCR,NA,26.41
52345-132,2,3,49,SR_ESP_2,Feb_2023,variability,PB117,2023,1,30,NA,NA,0,pen,0,SR,15:33,15:33,15:35,3,5,100,MCE,47,RNAlater,QBTK,qPCR,NA,21.27
52345-133,3,1,49,SR_ESP_3,Feb_2023,variability,PB117,2023,1,30,NA,NA,0,pen,0,SR,15:33,15:33,15:35,3,5,100,MCE,47,RNAlater,QBTK,qPCR,NA,16.38
52345-133,3,2,49,SR_ESP_3,Feb_2023,variability,PB117,2023,1,30,NA,NA,0,pen,0,SR,15:33,15:33,15:35,3,5,100,MCE,47,RNAlater,QBTK,qPCR,NA,27.41
52345-133,3,3,49,SR_ESP_3,Feb_2023,variability,PB117,2023,1,30,NA,NA,0,pen,0,SR,15:33,15:33,15:35,3,5,100,MCE,47,RNAlater,QBTK,qPCR,NA,17.72
52345-061,1,1,2,SR_-80_PCI_1,Feb_2023,matrix,PB119,2023,1,30,NA,NA,0,pool,1,SR,14:29,14:29,14:29,3,5,100,MCE,47,m80,PCI,qPCR,32,349877.4
52345-061,1,2,2,SR_-80_PCI_1,Feb_2023,matrix,PB119,2023,1,30,NA,NA,0,pool,1,SR,14:29,14:29,14:29,3,5,100,MCE,47,m80,PCI,qPCR,32,340532.5
52345-061,1,3,2,SR_-80_PCI_1,Feb_2023,matrix,PB119,2023,1,30,NA,NA,0,pool,1,SR,14:29,14:29,14:29,3,5,100,MCE,47,m80,PCI,qPCR,32,311580
52345-062,2,1,2,SR_-80_PCI_2,Feb_2023,matrix,PB119,2023,1,30,NA,NA,0,pool,1,SR,14:45,14:45,14:45,3,5,100,MCE,47,m80,PCI,qPCR,31.2,361710.4
52345-062,2,2,2,SR_-80_PCI_2,Feb_2023,matrix,PB119,2023,1,30,NA,NA,0,pool,1,SR,14:45,14:45,14:45,3,5,100,MCE,47,m80,PCI,qPCR,31.2,337860.6
52345-062,2,3,2,SR_-80_PCI_2,Feb_2023,matrix,PB119,2023,1,30,NA,NA,0,pool,1,SR,14:45,14:45,14:45,3,5,100,MCE,47,m80,PCI,qPCR,31.2,326486.2
52345-063,3,1,2,SR_-80_PCI_3,Feb_2023,matrix,PB119,2023,1,30,NA,NA,0,pool,1,SR,14:57,14:57,14:57,3,5,100,MCE,47,m80,PCI,qPCR,29.6,450021
52345-063,3,2,2,SR_-80_PCI_3,Feb_2023,matrix,PB119,2023,1,30,NA,NA,0,pool,1,SR,14:57,14:57,14:57,3,5,100,MCE,47,m80,PCI,qPCR,29.6,388744.8
52345-063,3,3,2,SR_-80_PCI_3,Feb_2023,matrix,PB119,2023,1,30,NA,NA,0,pool,1,SR,14:57,14:57,14:57,3,5,100,MCE,47,m80,PCI,qPCR,29.6,395701.1
52345-064,1,1,2,SR_-80_QBTK_1,Feb_2023,matrix,PB119,2023,1,30,NA,NA,0,pool,1,SR,14:34,14:34,14:34,3,5,100,MCE,47,m80,QBTK,qPCR,21.187,388463.6
52345-064,1,2,2,SR_-80_QBTK_1,Feb_2023,matrix,PB119,2023,1,30,NA,NA,0,pool,1,SR,14:34,14:34,14:34,3,5,100,MCE,47,m80,QBTK,qPCR,21.187,448293
52345-064,1,3,2,SR_-80_QBTK_1,Feb_2023,matrix,PB119,2023,1,30,NA,NA,0,pool,1,SR,14:34,14:34,14:34,3,5,100,MCE,47,m80,QBTK,qPCR,21.187,402149
52345-065,2,1,2,SR_-80_QBTK_2,Feb_2023,matrix,PB119,2023,1,30,NA,NA,0,pool,1,SR,14:49,14:49,14:49,3,5,100,MCE,47,m80,QBTK,qPCR,22.788,512356.2
52345-065,2,2,2,SR_-80_QBTK_2,Feb_2023,matrix,PB119,2023,1,30,NA,NA,0,pool,1,SR,14:49,14:49,14:49,3,5,100,MCE,47,m80,QBTK,qPCR,22.788,547682.5
52345-065,2,3,2,SR_-80_QBTK_2,Feb_2023,matrix,PB119,2023,1,30,NA,NA,0,pool,1,SR,14:49,14:49,14:49,3,5,100,MCE,47,m80,QBTK,qPCR,22.788,470149.8
52345-066,3,1,2,SR_-80_QBTK_3,Feb_2023,matrix,PB119,2023,1,30,NA,NA,0,pool,1,SR,14:27,14:27,14:27,3,5,100,MCE,47,m80,QBTK,qPCR,20.484,687363.4
52345-066,3,2,2,SR_-80_QBTK_3,Feb_2023,matrix,PB119,2023,1,30,NA,NA,0,pool,1,SR,14:27,14:27,14:27,3,5,100,MCE,47,m80,QBTK,qPCR,20.484,722559.6
52345-066,3,3,2,SR_-80_QBTK_3,Feb_2023,matrix,PB119,2023,1,30,NA,NA,0,pool,1,SR,14:27,14:27,14:27,3,5,100,MCE,47,m80,QBTK,qPCR,20.484,698990.2
52345-058,1,1,2,SR_-80_zymo_1,Feb_2023,matrix,PB119,2023,1,30,NA,NA,0,pool,1,SR,14:24,14:24,14:24,3,5,100,MCE,47,m80,zymo,qPCR,18.1,579847.8
52345-058,1,2,2,SR_-80_zymo_1,Feb_2023,matrix,PB119,2023,1,30,NA,NA,0,pool,1,SR,14:24,14:24,14:24,3,5,100,MCE,47,m80,zymo,qPCR,18.1,512808.7
52345-058,1,3,2,SR_-80_zymo_1,Feb_2023,matrix,PB119,2023,1,30,NA,NA,0,pool,1,SR,14:24,14:24,14:24,3,5,100,MCE,47,m80,zymo,qPCR,18.1,530053.4
52345-059,2,1,2,SR_-80_zymo_2,Feb_2023,matrix,PB119,2023,1,30,NA,NA,0,pool,1,SR,14:38,14:38,14:38,3,5,100,MCE,47,m80,zymo,qPCR,14.3,413010.3
52345-059,2,2,2,SR_-80_zymo_2,Feb_2023,matrix,PB119,2023,1,30,NA,NA,0,pool,1,SR,14:38,14:38,14:38,3,5,100,MCE,47,m80,zymo,qPCR,14.3,393331.1
52345-059,2,3,2,SR_-80_zymo_2,Feb_2023,matrix,PB119,2023,1,30,NA,NA,0,pool,1,SR,14:38,14:38,14:38,3,5,100,MCE,47,m80,zymo,qPCR,14.3,267637.4
52345-060,3,1,2,SR_-80_zymo_3,Feb_2023,matrix,PB119,2023,1,30,NA,NA,0,pool,1,SR,15:00,15:00,15:00,3,5,100,MCE,47,m80,zymo,qPCR,13.5,352624.7
52345-060,3,2,2,SR_-80_zymo_3,Feb_2023,matrix,PB119,2023,1,30,NA,NA,0,pool,1,SR,15:00,15:00,15:00,3,5,100,MCE,47,m80,zymo,qPCR,13.5,296262.7
52345-060,3,3,2,SR_-80_zymo_3,Feb_2023,matrix,PB119,2023,1,30,NA,NA,0,pool,1,SR,15:00,15:00,15:00,3,5,100,MCE,47,m80,zymo,qPCR,13.5,323682.2
52345-128,1,1,2,SR_later_QBTK_1,Feb_2023,matrix,PB119,2023,1,30,NA,NA,0,pool,1,SR,14:30,14:30,1430,3,5,100,MCE,47,RNAlater,QBTK,qPCR,12.2,346962.9
52345-128,1,2,2,SR_later_QBTK_1,Feb_2023,matrix,PB119,2023,1,30,NA,NA,0,pool,1,SR,14:30,14:30,1430,3,5,100,MCE,47,RNAlater,QBTK,qPCR,12.2,335690.1
52345-128,1,3,2,SR_later_QBTK_1,Feb_2023,matrix,PB119,2023,1,30,NA,NA,0,pool,1,SR,14:30,14:30,1430,3,5,100,MCE,47,RNAlater,QBTK,qPCR,12.2,357881.5
52345-129,2,1,2,SR_later_QBTK_2,Feb_2023,matrix,PB119,2023,1,30,NA,NA,0,pool,1,SR,14:39,14:39,1439,3,5,100,MCE,47,RNAlater,QBTK,qPCR,10.8,305073.9
52345-129,2,2,2,SR_later_QBTK_2,Feb_2023,matrix,PB119,2023,1,30,NA,NA,0,pool,1,SR,14:39,14:39,1439,3,5,100,MCE,47,RNAlater,QBTK,qPCR,10.8,317632.8
52345-129,2,3,2,SR_later_QBTK_2,Feb_2023,matrix,PB119,2023,1,30,NA,NA,0,pool,1,SR,14:39,14:39,1439,3,5,100,MCE,47,RNAlater,QBTK,qPCR,10.8,327600.2
52345-130,3,1,2,SR_later_QBTK_3,Feb_2023,matrix,PB119,2023,1,30,NA,NA,0,pool,1,SR,14:50,14:50,1450,3,5,100,MCE,47,RNAlater,QBTK,qPCR,6.13,177896
52345-130,3,2,2,SR_later_QBTK_3,Feb_2023,matrix,PB119,2023,1,30,NA,NA,0,pool,1,SR,14:50,14:50,1450,3,5,100,MCE,47,RNAlater,QBTK,qPCR,6.13,174411
52345-130,3,3,2,SR_later_QBTK_3,Feb_2023,matrix,PB119,2023,1,30,NA,NA,0,pool,1,SR,14:50,14:50,1450,3,5,100,MCE,47,RNAlater,QBTK,qPCR,6.13,169390.2
52345-067,1,1,2,SR_longmires_PCI_1,Feb_2023,matrix,PB119,2023,1,30,NA,NA,0,pool,1,SR,14:22,14:22,14:22,3,5,100,MCE,47,longmires,PCI,qPCR,35.2,497717.7
52345-067,1,2,2,SR_longmires_PCI_1,Feb_2023,matrix,PB119,2023,1,30,NA,NA,0,pool,1,SR,14:22,14:22,14:22,3,5,100,MCE,47,longmires,PCI,qPCR,35.2,391093.1
52345-067,1,3,2,SR_longmires_PCI_1,Feb_2023,matrix,PB119,2023,1,30,NA,NA,0,pool,1,SR,14:22,14:22,14:22,3,5,100,MCE,47,longmires,PCI,qPCR,35.2,414041.3
52345-068,2,1,2,SR_longmires_PCI_2,Feb_2023,matrix,PB119,2023,1,30,NA,NA,0,pool,1,SR,14:32,14:32,14:32,3,5,100,MCE,47,longmires,PCI,qPCR,34.4,441439.1
52345-068,2,2,2,SR_longmires_PCI_2,Feb_2023,matrix,PB119,2023,1,30,NA,NA,0,pool,1,SR,14:32,14:32,14:32,3,5,100,MCE,47,longmires,PCI,qPCR,34.4,374763.4
52345-068,2,3,2,SR_longmires_PCI_2,Feb_2023,matrix,PB119,2023,1,30,NA,NA,0,pool,1,SR,14:32,14:32,14:32,3,5,100,MCE,47,longmires,PCI,qPCR,34.4,348002.4
52345-069,3,1,2,SR_longmires_PCI_3,Feb_2023,matrix,PB119,2023,1,30,NA,NA,0,pool,1,SR,14:54,14:54,14:54,3,5,100,MCE,47,longmires,PCI,qPCR,33.9,176841.6
52345-069,3,2,2,SR_longmires_PCI_3,Feb_2023,matrix,PB119,2023,1,30,NA,NA,0,pool,1,SR,14:54,14:54,14:54,3,5,100,MCE,47,longmires,PCI,qPCR,33.9,186880.8
52345-069,3,3,2,SR_longmires_PCI_3,Feb_2023,matrix,PB119,2023,1,30,NA,NA,0,pool,1,SR,14:54,14:54,14:54,3,5,100,MCE,47,longmires,PCI,qPCR,33.9,177459.6
52345-052,1,1,2,SR_self-preserving_PCI_1,Feb_2023,matrix,PB119,2023,1,30,NA,NA,0,pool,1,SR,14:26,14:26,14:26,3,5,100,MCE,47,selfpres,PCI,qPCR,30.8,188499.7
52345-052,1,2,2,SR_self-preserving_PCI_1,Feb_2023,matrix,PB119,2023,1,30,NA,NA,0,pool,1,SR,14:26,14:26,14:26,3,5,100,MCE,47,selfpres,PCI,qPCR,30.8,183779.3
52345-052,1,3,2,SR_self-preserving_PCI_1,Feb_2023,matrix,PB119,2023,1,30,NA,NA,0,pool,1,SR,14:26,14:26,14:26,3,5,100,MCE,47,selfpres,PCI,qPCR,30.8,191415.8
52345-053,2,1,2,SR_self-preserving_PCI_2,Feb_2023,matrix,PB119,2023,1,30,NA,NA,0,pool,1,SR,14:43,14:43,14:43,3,5,100,MCE,47,selfpres,PCI,qPCR,24.8,165116.8
52345-053,2,2,2,SR_self-preserving_PCI_2,Feb_2023,matrix,PB119,2023,1,30,NA,NA,0,pool,1,SR,14:43,14:43,14:43,3,5,100,MCE,47,selfpres,PCI,qPCR,24.8,162180.6
52345-053,2,3,2,SR_self-preserving_PCI_2,Feb_2023,matrix,PB119,2023,1,30,NA,NA,0,pool,1,SR,14:43,14:43,14:43,3,5,100,MCE,47,selfpres,PCI,qPCR,24.8,163369.6
52345-054,3,1,2,SR_self-preserving_PCI_3,Feb_2023,matrix,PB119,2023,1,30,NA,NA,0,pool,1,SR,14:55,14:55,14:55,3,5,100,MCE,47,selfpres,PCI,qPCR,23.8,112097.7
52345-054,3,2,2,SR_self-preserving_PCI_3,Feb_2023,matrix,PB119,2023,1,30,NA,NA,0,pool,1,SR,14:55,14:55,14:55,3,5,100,MCE,47,selfpres,PCI,qPCR,23.8,92524.5
52345-054,3,3,2,SR_self-preserving_PCI_3,Feb_2023,matrix,PB119,2023,1,30,NA,NA,0,pool,1,SR,14:55,14:55,14:55,3,5,100,MCE,47,selfpres,PCI,qPCR,23.8,91895.9
52345-055,1,1,2,SR_self-preserving_QBTK_1,Feb_2023,matrix,PB119,2023,1,30,NA,NA,0,pool,1,SR,14:31,14:31,14:31,3,5,100,MCE,47,selfpres,QBTK,qPCR,19,325788.2
52345-055,1,2,2,SR_self-preserving_QBTK_1,Feb_2023,matrix,PB119,2023,1,30,NA,NA,0,pool,1,SR,14:31,14:31,14:31,3,5,100,MCE,47,selfpres,QBTK,qPCR,19,347401.9
52345-055,1,3,2,SR_self-preserving_QBTK_1,Feb_2023,matrix,PB119,2023,1,30,NA,NA,0,pool,1,SR,14:31,14:31,14:31,3,5,100,MCE,47,selfpres,QBTK,qPCR,19,311734.6
52345-056,2,1,2,SR_self-preserving_QBTK_2,Feb_2023,matrix,PB119,2023,1,30,NA,NA,0,pool,1,SR,14:47,14:47,14:47,3,5,100,MCE,47,selfpres,QBTK,qPCR,13.9,142973.9
52345-056,2,2,2,SR_self-preserving_QBTK_2,Feb_2023,matrix,PB119,2023,1,30,NA,NA,0,pool,1,SR,14:47,14:47,14:47,3,5,100,MCE,47,selfpres,QBTK,qPCR,13.9,144321.7
52345-056,2,3,2,SR_self-preserving_QBTK_2,Feb_2023,matrix,PB119,2023,1,30,NA,NA,0,pool,1,SR,14:47,14:47,14:47,3,5,100,MCE,47,selfpres,QBTK,qPCR,13.9,122612.9
52345-057,3,1,2,SR_self-preserving_QBTK_3,Feb_2023,matrix,PB119,2023,1,30,NA,NA,0,pool,1,SR,14:58,14:58,14:58,3,5,100,MCE,47,selfpres,QBTK,qPCR,16.1,211831.8
52345-057,3,2,2,SR_self-preserving_QBTK_3,Feb_2023,matrix,PB119,2023,1,30,NA,NA,0,pool,1,SR,14:58,14:58,14:58,3,5,100,MCE,47,selfpres,QBTK,qPCR,16.1,203001.8
52345-057,3,3,2,SR_self-preserving_QBTK_3,Feb_2023,matrix,PB119,2023,1,30,NA,NA,0,pool,1,SR,14:58,14:58,14:58,3,5,100,MCE,47,selfpres,QBTK,qPCR,16.1,197722.4
52345-049,1,1,2,SR_self-preserving_zymo_1,Feb_2023,matrix,PB119,2023,1,30,NA,NA,0,pool,1,SR,14:21,14:21,14:21,3,5,100,MCE,47,selfpres,zymo,qPCR,13.4,312281.1
52345-049,1,2,2,SR_self-preserving_zymo_1,Feb_2023,matrix,PB119,2023,1,30,NA,NA,0,pool,1,SR,14:21,14:21,14:21,3,5,100,MCE,47,selfpres,zymo,qPCR,13.4,313335
52345-049,1,3,2,SR_self-preserving_zymo_1,Feb_2023,matrix,PB119,2023,1,30,NA,NA,0,pool,1,SR,14:21,14:21,14:21,3,5,100,MCE,47,selfpres,zymo,qPCR,13.4,289641.1
52345-050,2,1,2,SR_self-preserving_zymo_2,Feb_2023,matrix,PB119,2023,1,30,NA,NA,0,pool,1,SR,14:36,14:36,14:36,3,5,100,MCE,47,selfpres,zymo,qPCR,10.3,249932.6
52345-050,2,2,2,SR_self-preserving_zymo_2,Feb_2023,matrix,PB119,2023,1,30,NA,NA,0,pool,1,SR,14:36,14:36,14:36,3,5,100,MCE,47,selfpres,zymo,qPCR,10.3,240940
52345-050,2,3,2,SR_self-preserving_zymo_2,Feb_2023,matrix,PB119,2023,1,30,NA,NA,0,pool,1,SR,14:36,14:36,14:36,3,5,100,MCE,47,selfpres,zymo,qPCR,10.3,227442
52345-051,3,1,2,SR_self-preserving_zymo_3,Feb_2023,matrix,PB119,2023,1,30,NA,NA,0,pool,1,SR,14:51,14:51,14:51,3,5,100,MCE,47,selfpres,zymo,qPCR,12.8,219523.8
52345-051,3,2,2,SR_self-preserving_zymo_3,Feb_2023,matrix,PB119,2023,1,30,NA,NA,0,pool,1,SR,14:51,14:51,14:51,3,5,100,MCE,47,selfpres,zymo,qPCR,12.8,186164.5
52345-051,3,3,2,SR_self-preserving_zymo_3,Feb_2023,matrix,PB119,2023,1,30,NA,NA,0,pool,1,SR,14:51,14:51,14:51,3,5,100,MCE,47,selfpres,zymo,qPCR,12.8,173195.9
52345-073,1,1,2,SR_shield_PCI_1,Feb_2023,matrix,PB119,2023,1,30,NA,NA,0,pool,1,SR,14:28,14:28,14:28,3,5,100,MCE,47,shield,PCI,qPCR,28.8,268094
52345-073,1,2,2,SR_shield_PCI_1,Feb_2023,matrix,PB119,2023,1,30,NA,NA,0,pool,1,SR,14:28,14:28,14:28,3,5,100,MCE,47,shield,PCI,qPCR,28.8,284393.4
52345-073,1,3,2,SR_shield_PCI_1,Feb_2023,matrix,PB119,2023,1,30,NA,NA,0,pool,1,SR,14:28,14:28,14:28,3,5,100,MCE,47,shield,PCI,qPCR,28.8,248327.2
52345-074,2,1,2,SR_shield_PCI_2,Feb_2023,matrix,PB119,2023,1,30,NA,NA,0,pool,1,SR,14:44,14:44,14:44,3,5,100,MCE,47,shield,PCI,qPCR,29.9,260185.7
52345-074,2,2,2,SR_shield_PCI_2,Feb_2023,matrix,PB119,2023,1,30,NA,NA,0,pool,1,SR,14:44,14:44,14:44,3,5,100,MCE,47,shield,PCI,qPCR,29.9,254929.2
52345-074,2,3,2,SR_shield_PCI_2,Feb_2023,matrix,PB119,2023,1,30,NA,NA,0,pool,1,SR,14:44,14:44,14:44,3,5,100,MCE,47,shield,PCI,qPCR,29.9,229927.6
52345-075,3,1,2,SR_shield_PCI_3,Feb_2023,matrix,PB119,2023,1,30,NA,NA,0,pool,1,SR,14:56,14:56,14:56,3,5,100,MCE,47,shield,PCI,qPCR,26,263718.8
52345-075,3,2,2,SR_shield_PCI_3,Feb_2023,matrix,PB119,2023,1,30,NA,NA,0,pool,1,SR,14:56,14:56,14:56,3,5,100,MCE,47,shield,PCI,qPCR,26,271520.6
52345-075,3,3,2,SR_shield_PCI_3,Feb_2023,matrix,PB119,2023,1,30,NA,NA,0,pool,1,SR,14:56,14:56,14:56,3,5,100,MCE,47,shield,PCI,qPCR,26,215579.1
52345-076,1,1,2,SR_shield_QBTK_1,Feb_2023,matrix,PB119,2023,1,30,NA,NA,0,pool,1,SR,14:33,14:33,14:33,3,5,100,MCE,47,shield,QBTK,qPCR,12.4,309435.5
52345-076,1,2,2,SR_shield_QBTK_1,Feb_2023,matrix,PB119,2023,1,30,NA,NA,0,pool,1,SR,14:33,14:33,14:33,3,5,100,MCE,47,shield,QBTK,qPCR,12.4,306753.6
52345-076,1,3,2,SR_shield_QBTK_1,Feb_2023,matrix,PB119,2023,1,30,NA,NA,0,pool,1,SR,14:33,14:33,14:33,3,5,100,MCE,47,shield,QBTK,qPCR,12.4,316785.9
52345-077,2,1,2,SR_shield_QBTK_2,Feb_2023,matrix,PB119,2023,1,30,NA,NA,0,pool,1,SR,14:48,14:48,14:48,3,5,100,MCE,47,shield,QBTK,qPCR,10.8,375376.6
52345-077,2,2,2,SR_shield_QBTK_2,Feb_2023,matrix,PB119,2023,1,30,NA,NA,0,pool,1,SR,14:48,14:48,14:48,3,5,100,MCE,47,shield,QBTK,qPCR,10.8,390119.3
52345-077,2,3,2,SR_shield_QBTK_2,Feb_2023,matrix,PB119,2023,1,30,NA,NA,0,pool,1,SR,14:48,14:48,14:48,3,5,100,MCE,47,shield,QBTK,qPCR,10.8,356855.3
52345-078,3,1,2,SR_shield_QBTK_3,Feb_2023,matrix,PB119,2023,1,30,NA,NA,0,pool,1,SR,14:59,14:59,14:59,3,5,100,MCE,47,shield,QBTK,qPCR,10.1,250176.7
52345-078,3,2,2,SR_shield_QBTK_3,Feb_2023,matrix,PB119,2023,1,30,NA,NA,0,pool,1,SR,14:59,14:59,14:59,3,5,100,MCE,47,shield,QBTK,qPCR,10.1,257032.9
52345-078,3,3,2,SR_shield_QBTK_3,Feb_2023,matrix,PB119,2023,1,30,NA,NA,0,pool,1,SR,14:59,14:59,14:59,3,5,100,MCE,47,shield,QBTK,qPCR,10.1,256008.5
52345-070,1,1,2,SR_shield_zymo_1,Feb_2023,matrix,PB119,2023,1,30,NA,NA,0,pool,1,SR,14:23,14:23,14:23,3,5,100,MCE,47,shield,zymo,qPCR,8.94,329380.9
52345-070,1,2,2,SR_shield_zymo_1,Feb_2023,matrix,PB119,2023,1,30,NA,NA,0,pool,1,SR,14:23,14:23,14:23,3,5,100,MCE,47,shield,zymo,qPCR,8.94,319758.1
52345-070,1,3,2,SR_shield_zymo_1,Feb_2023,matrix,PB119,2023,1,30,NA,NA,0,pool,1,SR,14:23,14:23,14:23,3,5,100,MCE,47,shield,zymo,qPCR,8.94,277189.9
52345-071,2,1,2,SR_shield_zymo_2,Feb_2023,matrix,PB119,2023,1,30,NA,NA,0,pool,1,SR,14:37,14:37,14:37,3,5,100,MCE,47,shield,zymo,qPCR,9.44,322896.8
52345-071,2,2,2,SR_shield_zymo_2,Feb_2023,matrix,PB119,2023,1,30,NA,NA,0,pool,1,SR,14:37,14:37,14:37,3,5,100,MCE,47,shield,zymo,qPCR,9.44,313166.7
52345-071,2,3,2,SR_shield_zymo_2,Feb_2023,matrix,PB119,2023,1,30,NA,NA,0,pool,1,SR,14:37,14:37,14:37,3,5,100,MCE,47,shield,zymo,qPCR,9.44,260306.5
52345-072,3,1,2,SR_shield_zymo_3,Feb_2023,matrix,PB119,2023,1,30,NA,NA,0,pool,1,SR,14:52,14:52,14:52,3,5,100,MCE,47,shield,zymo,qPCR,8.76,389913.9
52345-072,3,2,2,SR_shield_zymo_3,Feb_2023,matrix,PB119,2023,1,30,NA,NA,0,pool,1,SR,14:52,14:52,14:52,3,5,100,MCE,47,shield,zymo,qPCR,8.76,364197.6
52345-072,3,3,2,SR_shield_zymo_3,Feb_2023,matrix,PB119,2023,1,30,NA,NA,0,pool,1,SR,14:52,14:52,14:52,3,5,100,MCE,47,shield,zymo,qPCR,8.76,328874.7
52345-082,1,1,2,vacuum_longmires_PCI_1,Feb_2023,matrix,PB119,2023,1,30,NA,NA,0,pool,1,bottle,18:30,18:30,18:30,3,5,100,MCE,47,longmires,PCI,qPCR,21.3,59568.9
52345-082,1,2,2,vacuum_longmires_PCI_1,Feb_2023,matrix,PB119,2023,1,30,NA,NA,0,pool,1,bottle,18:30,18:30,18:30,3,5,100,MCE,47,longmires,PCI,qPCR,21.3,68660.9
52345-082,1,3,2,vacuum_longmires_PCI_1,Feb_2023,matrix,PB119,2023,1,30,NA,NA,0,pool,1,bottle,18:30,18:30,18:30,3,5,100,MCE,47,longmires,PCI,qPCR,21.3,63373.1
52345-083,2,1,2,vacuum_longmires_PCI_2,Feb_2023,matrix,PB119,2023,1,30,NA,NA,0,pool,1,bottle,18:30,18:30,18:30,3,5,100,MCE,47,longmires,PCI,qPCR,34.2,50769.5
52345-083,2,2,2,vacuum_longmires_PCI_2,Feb_2023,matrix,PB119,2023,1,30,NA,NA,0,pool,1,bottle,18:30,18:30,18:30,3,5,100,MCE,47,longmires,PCI,qPCR,34.2,63414.9
52345-083,2,3,2,vacuum_longmires_PCI_2,Feb_2023,matrix,PB119,2023,1,30,NA,NA,0,pool,1,bottle,18:30,18:30,18:30,3,5,100,MCE,47,longmires,PCI,qPCR,34.2,62238.7
52345-084,3,1,2,vacuum_longmires_PCI_3,Feb_2023,matrix,PB119,2023,1,30,NA,NA,0,pool,1,bottle,18:30,18:30,18:30,3,5,100,MCE,47,longmires,PCI,qPCR,21.6,180650.9
52345-084,3,2,2,vacuum_longmires_PCI_3,Feb_2023,matrix,PB119,2023,1,30,NA,NA,0,pool,1,bottle,18:30,18:30,18:30,3,5,100,MCE,47,longmires,PCI,qPCR,21.6,182166.1
52345-084,3,3,2,vacuum_longmires_PCI_3,Feb_2023,matrix,PB119,2023,1,30,NA,NA,0,pool,1,bottle,18:30,18:30,18:30,3,5,100,MCE,47,longmires,PCI,qPCR,21.6,168190.4
52345-079,1,1,2,vacuum_longmires_zymo_1,Feb_2023,matrix,PB119,2023,1,30,NA,NA,0,pool,1,bottle,18:30,18:30,18:30,3,5,100,MCE,47,longmires,zymo,qPCR,1.83,54367.4
52345-079,1,2,2,vacuum_longmires_zymo_1,Feb_2023,matrix,PB119,2023,1,30,NA,NA,0,pool,1,bottle,18:30,18:30,18:30,3,5,100,MCE,47,longmires,zymo,qPCR,1.83,55388
52345-079,1,3,2,vacuum_longmires_zymo_1,Feb_2023,matrix,PB119,2023,1,30,NA,NA,0,pool,1,bottle,18:30,18:30,18:30,3,5,100,MCE,47,longmires,zymo,qPCR,1.83,46444.1
52345-080,2,1,2,vacuum_longmires_zymo_2,Feb_2023,matrix,PB119,2023,1,30,NA,NA,0,pool,1,bottle,18:30,18:30,18:30,3,5,100,MCE,47,longmires,zymo,qPCR,1.24,43610.2
52345-080,2,2,2,vacuum_longmires_zymo_2,Feb_2023,matrix,PB119,2023,1,30,NA,NA,0,pool,1,bottle,18:30,18:30,18:30,3,5,100,MCE,47,longmires,zymo,qPCR,1.24,45226.9
52345-080,2,3,2,vacuum_longmires_zymo_2,Feb_2023,matrix,PB119,2023,1,30,NA,NA,0,pool,1,bottle,18:30,18:30,18:30,3,5,100,MCE,47,longmires,zymo,qPCR,1.24,41932.7
52345-081,3,1,2,vacuum_longmires_zymo_3,Feb_2023,matrix,PB119,2023,1,30,NA,NA,0,pool,1,bottle,18:30,18:30,18:30,3,5,100,MCE,47,longmires,zymo,qPCR,3.93,65096.1
52345-081,3,2,2,vacuum_longmires_zymo_3,Feb_2023,matrix,PB119,2023,1,30,NA,NA,0,pool,1,bottle,18:30,18:30,18:30,3,5,100,MCE,47,longmires,zymo,qPCR,3.93,67262
52345-081,3,3,2,vacuum_longmires_zymo_3,Feb_2023,matrix,PB119,2023,1,30,NA,NA,0,pool,1,bottle,18:30,18:30,18:30,3,5,100,MCE,47,longmires,zymo,qPCR,3.93,59761
52345-125,1,3,2,SR_later_PCI_1,Feb_2023,matrix,PB119,2023,1,30,NA,NA,0,pool,1,SR,14:25,14:25,1425,3,5,100,MCE,47,RNAlater,PCI,qPCR,0.083,665.3
52345-125,1,2,2,SR_later_PCI_1,Feb_2023,matrix,PB119,2023,1,30,NA,NA,0,pool,1,SR,14:25,14:25,1425,3,5,100,MCE,47,RNAlater,PCI,qPCR,0.083,659.9
52345-125,1,1,2,SR_later_PCI_1,Feb_2023,matrix,PB119,2023,1,30,NA,NA,0,pool,1,SR,14:25,14:25,1425,3,5,100,MCE,47,RNAlater,PCI,qPCR,0.083,617.5
52345-126,2,1,2,SR_later_PCI_2,Feb_2023,matrix,PB119,2023,1,30,NA,NA,0,pool,1,SR,14:35,14:35,1435,3,5,100,MCE,47,RNAlater,PCI,qPCR,0.061,345.1
52345-126,2,2,2,SR_later_PCI_2,Feb_2023,matrix,PB119,2023,1,30,NA,NA,0,pool,1,SR,14:35,14:35,1435,3,5,100,MCE,47,RNAlater,PCI,qPCR,0.061,336.6
52345-126,2,3,2,SR_later_PCI_2,Feb_2023,matrix,PB119,2023,1,30,NA,NA,0,pool,1,SR,14:35,14:35,1435,3,5,100,MCE,47,RNAlater,PCI,qPCR,0.061,229.3
52345-127,3,2,2,SR_later_PCI_3,Feb_2023,matrix,PB119,2023,1,30,NA,NA,0,pool,1,SR,14:46,14:46,1446,3,5,100,MCE,47,RNAlater,PCI,qPCR,0.124,695
52345-127,3,1,2,SR_later_PCI_3,Feb_2023,matrix,PB119,2023,1,30,NA,NA,0,pool,1,SR,14:46,14:46,1446,3,5,100,MCE,47,RNAlater,PCI,qPCR,0.124,690.8
52345-127,3,3,2,SR_later_PCI_3,Feb_2023,matrix,PB119,2023,1,30,NA,NA,0,pool,1,SR,14:46,14:46,1446,3,5,100,MCE,47,RNAlater,PCI,qPCR,0.124,523.2
52345-085,1,1,2,vacuum_longmires_QBTK_1,Feb_2023,matrix,PB119,2023,1,30,NA,NA,0,pool,1,bottle,18:30,18:30,18:30,3,5,100,MCE,47,longmires,QBTK,qPCR,TL,5937.4
52345-085,1,2,2,vacuum_longmires_QBTK_1,Feb_2023,matrix,PB119,2023,1,30,NA,NA,0,pool,1,bottle,18:30,18:30,18:30,3,5,100,MCE,47,longmires,QBTK,qPCR,TL,5010.9
52345-085,1,3,2,vacuum_longmires_QBTK_1,Feb_2023,matrix,PB119,2023,1,30,NA,NA,0,pool,1,bottle,18:30,18:30,18:30,3,5,100,MCE,47,longmires,QBTK,qPCR,TL,4759.5
52345-086,2,1,2,vacuum_longmires_QBTK_2,Feb_2023,matrix,PB119,2023,1,30,NA,NA,0,pool,1,bottle,18:30,18:30,18:30,3,5,100,MCE,47,longmires,QBTK,qPCR,TL,10233.8
52345-086,2,2,2,vacuum_longmires_QBTK_2,Feb_2023,matrix,PB119,2023,1,30,NA,NA,0,pool,1,bottle,18:30,18:30,18:30,3,5,100,MCE,47,longmires,QBTK,qPCR,TL,7348.9
52345-086,2,3,2,vacuum_longmires_QBTK_2,Feb_2023,matrix,PB119,2023,1,30,NA,NA,0,pool,1,bottle,18:30,18:30,18:30,3,5,100,MCE,47,longmires,QBTK,qPCR,TL,8882
52345-087,3,1,2,vacuum_longmires_QBTK_3,Feb_2023,matrix,PB119,2023,1,30,NA,NA,0,pool,1,bottle,18:30,18:30,18:30,3,5,100,MCE,47,longmires,QBTK,qPCR,TL,7457.2
52345-087,3,2,2,vacuum_longmires_QBTK_3,Feb_2023,matrix,PB119,2023,1,30,NA,NA,0,pool,1,bottle,18:30,18:30,18:30,3,5,100,MCE,47,longmires,QBTK,qPCR,TL,6071
52345-087,3,3,2,vacuum_longmires_QBTK_3,Feb_2023,matrix,PB119,2023,1,30,NA,NA,0,pool,1,bottle,18:30,18:30,18:30,3,5,100,MCE,47,longmires,QBTK,qPCR,TL,7491.5
52345-146,1,1,57,marginal pier,Feb_2023,transect,PB120,2023,2,3,47.747933,-122.72845,0,ocean,0,SR,12:35,12:35,12:35,3,5,100,MCE,47,m80,zymo,qPCR,NA,0.06
52345-146,1,2,57,marginal pier,Feb_2023,transect,PB120,2023,2,3,47.747933,-122.72845,0,ocean,0,SR,12:35,12:35,12:35,3,5,100,MCE,47,m80,zymo,qPCR,NA,0
52345-146,1,3,57,marginal pier,Feb_2023,transect,PB120,2023,2,3,47.747933,-122.72845,0,ocean,0,SR,12:35,12:35,12:35,3,5,100,MCE,47,m80,zymo,qPCR,NA,0.05
52345-147,2,1,57,marginal pier,Feb_2023,transect,PB120,2023,2,3,47.747933,-122.72845,0,ocean,0,SR,12:35,12:35,12:35,3,5,100,MCE,47,m80,zymo,qPCR,NA,0.08
52345-147,2,2,57,marginal pier,Feb_2023,transect,PB120,2023,2,3,47.747933,-122.72845,0,ocean,0,SR,12:35,12:35,12:35,3,5,100,MCE,47,m80,zymo,qPCR,NA,0.02
52345-147,2,3,57,marginal pier,Feb_2023,transect,PB120,2023,2,3,47.747933,-122.72845,0,ocean,0,SR,12:35,12:35,12:35,3,5,100,MCE,47,m80,zymo,qPCR,NA,0
52345-148,3,1,57,marginal pier,Feb_2023,transect,PB120,2023,2,3,47.747933,-122.72845,0,ocean,0,SR,12:40,12:40,12:40,3,5,100,MCE,47,m80,zymo,qPCR,NA,0
52345-148,3,2,57,marginal pier,Feb_2023,transect,PB120,2023,2,3,47.747933,-122.72845,0,ocean,0,SR,12:40,12:40,12:40,3,5,100,MCE,47,m80,zymo,qPCR,NA,0.09
52345-148,3,3,57,marginal pier,Feb_2023,transect,PB120,2023,2,3,47.747933,-122.72845,0,ocean,0,SR,12:40,12:40,12:40,3,5,100,MCE,47,m80,zymo,qPCR,NA,0.03
52345-149,1,1,58,between MP and bridge,Feb_2023,transect,PB120,2023,2,3,47.745633,-122.729167,0,ocean,0,SR,12:50,12:50,12:50,3,5,100,MCE,47,m80,zymo,qPCR,NA,0.89
52345-149,1,2,58,between MP and bridge,Feb_2023,transect,PB120,2023,2,3,47.745633,-122.729167,0,ocean,0,SR,12:50,12:50,12:50,3,5,100,MCE,47,m80,zymo,qPCR,NA,2.05
52345-149,1,3,58,between MP and bridge,Feb_2023,transect,PB120,2023,2,3,47.745633,-122.729167,0,ocean,0,SR,12:50,12:50,12:50,3,5,100,MCE,47,m80,zymo,qPCR,NA,3.12
52345-150,2,1,58,between MP and bridge,Feb_2023,transect,PB120,2023,2,3,47.745633,-122.729167,0,ocean,0,SR,12:50,12:50,12:50,3,5,100,MCE,47,m80,zymo,qPCR,NA,0.16
52345-150,2,2,58,between MP and bridge,Feb_2023,transect,PB120,2023,2,3,47.745633,-122.729167,0,ocean,0,SR,12:50,12:50,12:50,3,5,100,MCE,47,m80,zymo,qPCR,NA,0.29
52345-150,2,3,58,between MP and bridge,Feb_2023,transect,PB120,2023,2,3,47.745633,-122.729167,0,ocean,0,SR,12:50,12:50,12:50,3,5,100,MCE,47,m80,zymo,qPCR,NA,0.43
52345-151,3,1,58,between MP and bridge,Feb_2023,transect,PB120,2023,2,3,47.745633,-122.729167,0,ocean,0,SR,12:50,12:50,12:50,3,5,100,MCE,47,m80,zymo,qPCR,NA,3.23
52345-151,3,2,58,between MP and bridge,Feb_2023,transect,PB120,2023,2,3,47.745633,-122.729167,0,ocean,0,SR,12:50,12:50,12:50,3,5,100,MCE,47,m80,zymo,qPCR,NA,2.56
52345-151,3,3,58,between MP and bridge,Feb_2023,transect,PB120,2023,2,3,47.745633,-122.729167,0,ocean,0,SR,12:50,12:50,12:50,3,5,100,MCE,47,m80,zymo,qPCR,NA,0.67
52345-152,1,1,59,near bridge,Feb_2023,transect,PB120,2023,2,3,47.74325,-122.728933,0,ocean,0,SR,13:03,13:03,13:03,3,5,100,MCE,47,m80,zymo,qPCR,NA,0.43
52345-152,1,2,59,near bridge,Feb_2023,transect,PB120,2023,2,3,47.74325,-122.728933,0,ocean,0,SR,13:03,13:03,13:03,3,5,100,MCE,47,m80,zymo,qPCR,NA,2.15
52345-152,1,3,59,near bridge,Feb_2023,transect,PB120,2023,2,3,47.74325,-122.728933,0,ocean,0,SR,13:03,13:03,13:03,3,5,100,MCE,47,m80,zymo,qPCR,NA,1.04
52345-153,2,1,59,near bridge,Feb_2023,transect,PB120,2023,2,3,47.74325,-122.728933,0,ocean,0,SR,13:07,13:07,13:07,3,5,100,MCE,47,m80,zymo,qPCR,NA,0.21
52345-153,2,2,59,near bridge,Feb_2023,transect,PB120,2023,2,3,47.74325,-122.728933,0,ocean,0,SR,13:07,13:07,13:07,3,5,100,MCE,47,m80,zymo,qPCR,NA,0.4
52345-153,2,3,59,near bridge,Feb_2023,transect,PB120,2023,2,3,47.74325,-122.728933,0,ocean,0,SR,13:07,13:07,13:07,3,5,100,MCE,47,m80,zymo,qPCR,NA,0.68
52345-154,3,1,59,near bridge,Feb_2023,transect,PB120,2023,2,3,47.74325,-122.728933,0,ocean,0,SR,13:12,13:12,13:12,3,5,100,MCE,47,m80,zymo,qPCR,NA,0.56
52345-154,3,2,59,near bridge,Feb_2023,transect,PB120,2023,2,3,47.74325,-122.728933,0,ocean,0,SR,13:12,13:12,13:12,3,5,100,MCE,47,m80,zymo,qPCR,NA,0.38
52345-154,3,3,59,near bridge,Feb_2023,transect,PB120,2023,2,3,47.74325,-122.728933,0,ocean,0,SR,13:12,13:12,13:12,3,5,100,MCE,47,m80,zymo,qPCR,NA,0.45
52345-155,1,1,60,outside pool,Feb_2023,transect,PB120,2023,2,3,47.742667,-122.729783,0,ocean,0,SR,13:15,13:15,13:15,3,5,100,MCE,47,m80,zymo,qPCR,NA,74.77
52345-155,1,2,60,outside pool,Feb_2023,transect,PB120,2023,2,3,47.742667,-122.729783,0,ocean,0,SR,13:15,13:15,13:15,3,5,100,MCE,47,m80,zymo,qPCR,NA,67.66
52345-155,1,3,60,outside pool,Feb_2023,transect,PB120,2023,2,3,47.742667,-122.729783,0,ocean,0,SR,13:15,13:15,13:15,3,5,100,MCE,47,m80,zymo,qPCR,NA,65.21
52345-156,2,1,60,outside pool,Feb_2023,transect,PB120,2023,2,3,47.742667,-122.729783,0,ocean,0,SR,13:15,13:15,13:15,3,5,100,MCE,47,m80,zymo,qPCR,NA,82.45
52345-156,2,2,60,outside pool,Feb_2023,transect,PB120,2023,2,3,47.742667,-122.729783,0,ocean,0,SR,13:15,13:15,13:15,3,5,100,MCE,47,m80,zymo,qPCR,NA,66.2
52345-156,2,3,60,outside pool,Feb_2023,transect,PB120,2023,2,3,47.742667,-122.729783,0,ocean,0,SR,13:15,13:15,13:15,3,5,100,MCE,47,m80,zymo,qPCR,NA,65.2
52345-157,3,1,60,outside pool,Feb_2023,transect,PB120,2023,2,3,47.742667,-122.729783,0,ocean,0,SR,13:15,13:15,13:15,3,5,100,MCE,47,m80,zymo,qPCR,NA,51.47
52345-157,3,2,60,outside pool,Feb_2023,transect,PB120,2023,2,3,47.742667,-122.729783,0,ocean,0,SR,13:15,13:15,13:15,3,5,100,MCE,47,m80,zymo,qPCR,NA,52.45
52345-157,3,3,60,outside pool,Feb_2023,transect,PB120,2023,2,3,47.742667,-122.729783,0,ocean,0,SR,13:15,13:15,13:15,3,5,100,MCE,47,m80,zymo,qPCR,NA,42.67