lab_ID,rep,reference,task,filter_size,vol_filtered,extraction,sample_type,homogenized,collection,dilution_factor,DNA_20_conc,DNA_total_conc,Tt_Ct,Tt_conc,Tt_total_conc,IPC_CT,IPC_meanNTC,IPC_meanNTC_SD,inhibition_value,inhibited,use,PB_no,PB_y_intercept,PB_r2,PB_slope,PB_efficiency,,,,,,,,,,,,,,
52345-021,1,inside pen with 3 dolphins,filter_vol,5um,3L,PC,eDNA,,,100,,,32.368,3482.49,348249,34.741,33.53633333,0.3729417048,1.204666667,1,0,PB107,46.905,0.997,-4.104,75.246,,,,,,,,,,,,,,
52345-022,2,inside pen with 3 dolphins,filter_vol,5um,3L,PC,eDNA,,,100,,,32.804,2726.57,272657.2,34.671,33.53633333,0.3729417048,1.134666667,1,0,PB107,46.905,0.997,-4.104,75.246,,,,,,,,,,,,,,
52345-018,3,inside pen with 3 dolphins,filter_vol,1um,3L,PC,eDNA,,,100,,,33.141,2257.91,225790.8,34.683,33.53633333,0.3729417048,1.146666667,1,0,PB107,46.905,0.997,-4.104,75.246,,,,,,,,,,,,,,
52345-016,3,inside pen with 3 dolphins,filter_vol,5um,1L,PC,eDNA,,,100,,,33.196,2188.56,218856.2,34.308,33.53633333,0.3729417048,0.7716666667,1,0,PB107,46.905,0.997,-4.104,75.246,,,,,,,,,,,,,,
52345-018,2,inside pen with 3 dolphins,filter_vol,1um,3L,PC,eDNA,,,100,,,33.928,1451.60,145160,34.528,33.53633333,0.3729417048,0.9916666667,1,0,PB107,46.905,0.997,-4.104,75.246,,,,,,,,,,,,,,
52345-015,3,inside pen with 3 dolphins,filter_vol,5um,1L,PC,eDNA,,,100,,,34.038,1365.05,136504.5,34.328,33.53633333,0.3729417048,0.7916666667,1,0,PB107,46.905,0.997,-4.104,75.246,,,,,,,,,,,,,,
52345-018,1,inside pen with 3 dolphins,filter_vol,1um,3L,PC,eDNA,,,100,,,34.195,1249.86,124985.5,34.959,33.53633333,0.3729417048,1.422666667,1,0,PB107,46.905,0.997,-4.104,75.246,,,,,,,,,,,,,,
"st1_100,000",1,100000 copies per ul,,,,,gB,,,1,,0,20.115,100000,100000,30.809,27.448,0.102,3.361,1,0,PB110,37.144,0.991,-3.456,94.686,,,,,,,,,,,,,,
"st1_100,000",2,100000 copies per ul,,,,,gB,,,1,,0,19.886,100000,100000,31.002,27.448,0.102,3.554,1,0,PB110,37.144,0.991,-3.456,94.686,,,,,,,,,,,,,,
"st1_100,000",3,100000 copies per ul,,,,,gB,,,1,,0,19.88,100000,100000,30.703,27.448,0.102,3.255,1,0,PB110,37.144,0.991,-3.456,94.686,,,,,,,,,,,,,,
"st1_100,000",1,100000 copies per ul,,,,,gB,,,1,,0,19.476,100000,100000,31.128,27.745,0.079,3.383,1,0,PB111,37.59,0.991,-3.651,87.887,,,,,,,,,,,,,,
"st1_100,000",2,100000 copies per ul,,,,,gB,,,1,,0,19.558,100000,100000,31.518,27.745,0.079,3.773,1,0,PB111,37.59,0.991,-3.651,87.887,,,,,,,,,,,,,,
"st1_100,000",3,100000 copies per ul,,,,,gB,,,1,,0,19.305,100000,100000,31.045,27.745,0.079,3.3,1,0,PB111,37.59,0.991,-3.651,87.887,,,,,,,,,,,,,,
St1_TtCB-gB,1,100000 copies per ul,,,,,gB,,,1,,,19.857,100000.00,100000,30.425,28.63966667,0.1341248175,1.785333333,1,0,PB108,39.283,0.982,-3.955,78.989,,,,,,,,,,,,,,
St1_TtCB-gB,2,100000 copies per ul,,,,,gB,,,1,,,19.972,100000.00,100000,30.414,28.63966667,0.1341248175,1.774333333,1,0,PB108,39.283,0.982,-3.955,78.989,,,,,,,,,,,,,,
St1_TtCB-gB,3,100000 copies per ul,,,,,gB,,,1,,,19.861,100000.00,100000,30.382,28.63966667,0.1341248175,1.742333333,1,0,PB108,39.283,0.982,-3.955,78.989,,,,,,,,,,,,,,
52345-013,3,inside pen with 3 dolphins,filter_vol,1um,1L,PC,eDNA,,,10,,,32.242,3739.03,37390.26,36.617,33.53633333,0.3729417048,3.080666667,1,0,PB107,46.905,0.997,-4.104,75.246,,,,,,,,,,,,,,
52345-013,2,inside pen with 3 dolphins,filter_vol,1um,1L,PC,eDNA,,,10,,,32.269,3681.38,36813.8,35.998,33.53633333,0.3729417048,2.461666667,1,0,PB107,46.905,0.997,-4.104,75.246,,,,,,,,,,,,,,
52345-018,1,inside pen with 3 dolphins,filter_vol,1um,3L,PC,eDNA,,,10,,,32.451,3324.43,33244.31,37.183,33.53633333,0.3729417048,3.646666667,1,0,PB107,46.905,0.997,-4.104,75.246,,,,,,,,,,,,,,
52345-014,1,inside pen with 3 dolphins,filter_vol,5um,1L,PC,eDNA,,,10,,,32.624,3017.39,30173.9,36.434,33.53633333,0.3729417048,2.897666667,1,0,PB107,46.905,0.997,-4.104,75.246,,,,,,,,,,,,,,
52345-013,1,inside pen with 3 dolphins,filter_vol,1um,1L,PC,eDNA,,,10,,,32.661,2955.08,29550.75,36.511,33.53633333,0.3729417048,2.974666667,1,0,PB107,46.905,0.997,-4.104,75.246,,,,,,,,,,,,,,
52345-019,3,inside pen with 3 dolphins,filter_vol,1um,3L,PC,eDNA,,,10,,,32.754,2805.05,28050.48,37.424,33.53633333,0.3729417048,3.887666667,1,0,PB107,46.905,0.997,-4.104,75.246,,,,,,,,,,,,,,
52345-011,1,inside pen with 3 dolphins,filter_vol,1um,1L,PC,eDNA,,,10,,,32.784,2757.84,27578.39,38.107,33.53633333,0.3729417048,4.570666667,1,0,PB107,46.905,0.997,-4.104,75.246,,,,,,,,,,,,,,
52345-011,3,inside pen with 3 dolphins,filter_vol,1um,1L,PC,eDNA,,,10,,,32.787,2753.62,27536.16,39.246,33.53633333,0.3729417048,5.709666667,1,0,PB107,46.905,0.997,-4.104,75.246,,,,,,,,,,,,,,
52345-012,1,inside pen with 3 dolphins,filter_vol,1um,1L,PC,eDNA,,,10,,,32.874,2622.13,26221.27,36.454,33.53633333,0.3729417048,2.917666667,1,0,PB107,46.905,0.997,-4.104,75.246,,,,,,,,,,,,,,
52345-014,3,inside pen with 3 dolphins,filter_vol,5um,1L,PC,eDNA,,,10,,,32.875,2621.13,26211.34,35.986,33.53633333,0.3729417048,2.449666667,1,0,PB107,46.905,0.997,-4.104,75.246,,,,,,,,,,,,,,
52345-020,2,inside pen with 3 dolphins,filter_vol,5um,3L,PC,eDNA,,,10,,,32.885,2606.41,26064.06,38.4,33.53633333,0.3729417048,4.863666667,1,0,PB107,46.905,0.997,-4.104,75.246,,,,,,,,,,,,,,
52345-012,3,inside pen with 3 dolphins,filter_vol,1um,1L,PC,eDNA,,,10,,,32.921,2554.04,25540.42,35.791,33.53633333,0.3729417048,2.254666667,1,0,PB107,46.905,0.997,-4.104,75.246,,,,,,,,,,,,,,2022-11-18_PB107.xls
52345-018,3,inside pen with 3 dolphins,filter_vol,1um,3L,PC,eDNA,1,longmires,20,10.1,202,26.426,1262.675,25253.5,28.109,27.448,0.102,0.661,1,0,PB110,37.144,0.991,-3.456,94.686,,,,,,,,,,,,,,2022-11-18_PB107.xls
52345-011,2,inside pen with 3 dolphins,filter_vol,1um,1L,PC,eDNA,,,10,,,32.995,2450.70,24506.99,35.961,33.53633333,0.3729417048,2.424666667,1,0,PB107,46.905,0.997,-4.104,75.246,,,,,,,,,,,,,,
52345-021,2,inside pen with 3 dolphins,filter_vol,5um,3L,PC,eDNA,,,10,,,33.006,2434.43,24344.26,35.861,33.53633333,0.3729417048,2.324666667,1,0,PB107,46.905,0.997,-4.104,75.246,,,,,,,,,,,,,,
52345-018,2,inside pen with 3 dolphins,filter_vol,1um,3L,PC,eDNA,1,longmires,20,10.1,202,26.515,1189.506,23790.12,28.159,27.448,0.102,0.711,1,0,PB110,37.144,0.991,-3.456,94.686,,,,,,,,,,,,,,
52345-014,2,inside pen with 3 dolphins,filter_vol,5um,1L,PC,eDNA,,,10,,,33.06,2362.76,23627.56,36.791,33.53633333,0.3729417048,3.254666667,1,0,PB107,46.905,0.997,-4.104,75.246,,,,,,,,,,,,,,
52345-015,3,inside pen with 3 dolphins,filter_vol,5um,1L,PC,eDNA,,,10,,,33.111,2295.26,22952.62,36.447,33.53633333,0.3729417048,2.910666667,1,0,PB107,46.905,0.997,-4.104,75.246,,,,,,,,,,,,,,
52345-018,3,inside pen with 3 dolphins,filter_vol,1um,3L,PC,eDNA,,,10,,,33.24,2135.19,21351.87,41.348,33.53633333,0.3729417048,7.811666667,1,0,PB107,46.905,0.997,-4.104,75.246,,,,,,,,,,,,,,2022-11-18_PB107.xls
52345-020,1,inside pen with 3 dolphins,filter_vol,5um,3L,PC,eDNA,,,10,,,33.252,2120.99,21209.91,40.97,33.53633333,0.3729417048,7.433666667,1,0,PB107,46.905,0.997,-4.104,75.246,,,,,,,,,,,,,,2022-11-18_PB107.xls
52345-015,1,inside pen with 3 dolphins,filter_vol,5um,1L,PC,eDNA,,,10,,,33.274,2094.91,20949.12,38.101,33.53633333,0.3729417048,4.564666667,1,0,PB107,46.905,0.997,-4.104,75.246,,,,,,,,,,,,,,
52345-018,2,inside pen with 3 dolphins,filter_vol,1um,3L,PC,eDNA,,,10,,,33.298,2067.57,20675.69,37.915,33.53633333,0.3729417048,4.378666667,1,0,PB107,46.905,0.997,-4.104,75.246,,,,,,,,,,,,,,
52345-019,2,inside pen with 3 dolphins,filter_vol,1um,3L,PC,eDNA,,,10,,,33.305,2058.55,20585.53,39.756,33.53633333,0.3729417048,6.219666667,1,0,PB107,46.905,0.997,-4.104,75.246,,,,,,,,,,,,,,
52345-018,1,inside pen with 3 dolphins,filter_vol,1um,3L,PC,eDNA,1,longmires,20,10.1,202,26.749,1018.056,20361.12,28.304,27.448,0.102,0.856,1,0,PB110,37.144,0.991,-3.456,94.686,,,,,,,,,,,,,,
52345-012,2,inside pen with 3 dolphins,filter_vol,1um,1L,PC,eDNA,,,10,,,33.348,2010.31,20103.14,34.942,33.53633333,0.3729417048,1.405666667,1,0,PB107,46.905,0.997,-4.104,75.246,,,,,,,,,,,,,,
52345-020,1,inside pen with 3 dolphins,filter_vol,5um,3L,PC,eDNA,1,longmires,20,6.57,131.4,26.791,989.789,19795.78,28.419,27.448,0.102,0.971,1,0,PB110,37.144,0.991,-3.456,94.686,,,,,,,,,,,,,,2022-11-18_PB107.xls
52345-019,1,inside pen with 3 dolphins,filter_vol,1um,3L,PC,eDNA,1,longmires,20,8.33,166.6,26.799,984.308,19686.16,28.496,27.448,0.102,1.048,1,0,PB110,37.144,0.991,-3.456,94.686,,,,,,,,,,,,,,2022-11-18_PB107.xls
52345-021,1,inside pen with 3 dolphins,filter_vol,5um,3L,PC,eDNA,1,longmires,20,5.57,111.4,26.813,975.555,19511.1,28.179,27.448,0.102,0.731,1,0,PB110,37.144,0.991,-3.456,94.686,,,,,,,,,,,,,,2022-11-18_PB107.xls
52345-017,2,inside pen with 3 dolphins,filter_vol,1um,3L,PC,eDNA,1,longmires,20,7.82,156.4,26.836,960.299,19205.98,28.205,27.448,0.102,0.757,1,0,PB110,37.144,0.991,-3.456,94.686,,,,,,,,,,,,,,
52345-020,2,inside pen with 3 dolphins,filter_vol,5um,3L,PC,eDNA,1,longmires,20,6.57,131.4,26.84,958.192,19163.84,28.008,27.448,0.102,0.56,1,0,PB110,37.144,0.991,-3.456,94.686,,,,,,,,,,,,,,
52345-019,2,inside pen with 3 dolphins,filter_vol,1um,3L,PC,eDNA,1,longmires,20,8.33,166.6,26.857,947.027,18940.54,28.141,27.448,0.102,0.693,1,0,PB110,37.144,0.991,-3.456,94.686,,,,,,,,,,,,,,
52345-016,3,inside pen with 3 dolphins,filter_vol,5um,1L,PC,eDNA,,,10,,,33.511,1834.03,18340.31,40.711,33.53633333,0.3729417048,7.174666667,1,0,PB107,46.905,0.997,-4.104,75.246,,,,,,,,,,,,,,2022-11-18_PB107.xls
52345-017,3,inside pen with 3 dolphins,filter_vol,1um,3L,PC,eDNA,1,longmires,20,7.82,156.4,26.908,915.327,18306.54,28.321,27.448,0.102,0.873,1,0,PB110,37.144,0.991,-3.456,94.686,,,,,,,,,,,,,,2022-11-18_PB107.xls
52345-019,2,inside pen with 3 dolphins,filter_vol,1um,3L,PC,eDNA,,,100,,,33.038,2391.44,239143.7,33.412,33.53633333,0.3729417048,-0.1243333333,0,0,PB107,46.905,0.997,-4.104,75.246,,,,,,,,,,,,,,2022-11-18_PB107.xls
52345-017,3,inside pen with 3 dolphins,filter_vol,1um,3L,PC,eDNA,,,10,,,33.521,1824.41,18244.13,35.442,33.53633333,0.3729417048,1.905666667,1,0,PB107,46.905,0.997,-4.104,75.246,,,,,,,,,,,,,,2022-11-18_PB107.xls
52345-015,2,inside pen with 3 dolphins,filter_vol,5um,1L,PC,eDNA,,,10,,,33.601,1744.34,17443.35,36.217,33.53633333,0.3729417048,2.680666667,1,0,PB107,46.905,0.997,-4.104,75.246,,,,,,,,,,,,,,2022-11-18_PB107.xls
52345-017,1,inside pen with 3 dolphins,filter_vol,1um,3L,PC,eDNA,1,longmires,20,7.82,156.4,26.983,871.014,17420.28,28.416,27.448,0.102,0.968,1,0,PB110,37.144,0.991,-3.456,94.686,,,,,,,,,,,,,,2022-11-18_PB107.xls
52345-022,3,inside pen with 3 dolphins,filter_vol,5um,3L,PC,eDNA,1,longmires,20,6.84,136.8,27.007,857.085,17141.7,28.349,27.448,0.102,0.901,1,0,PB110,37.144,0.991,-3.456,94.686,,,,,,,,,,,,,,
52345-021,3,inside pen with 3 dolphins,filter_vol,5um,3L,PC,eDNA,1,longmires,20,5.57,111.4,27.028,845.229,16904.58,28.063,27.448,0.102,0.615,1,0,PB110,37.144,0.991,-3.456,94.686,,,,,,,,,,,,,,
52345-021,2,inside pen with 3 dolphins,filter_vol,5um,3L,PC,eDNA,1,longmires,20,5.57,111.4,27.042,837.498,16749.96,28.019,27.448,0.102,0.571,1,0,PB110,37.144,0.991,-3.456,94.686,,,,,,,,,,,,,,2022-11-18_PB107.xls
52345-022,2,inside pen with 3 dolphins,filter_vol,5um,3L,PC,eDNA,1,longmires,20,6.84,136.8,27.071,821.442,16428.84,28.156,27.448,0.102,0.708,1,0,PB110,37.144,0.991,-3.456,94.686,,,,,,,,,,,,,,
52345-022,3,inside pen with 3 dolphins,filter_vol,5um,3L,PC,eDNA,,,10,,,33.776,1580.41,15804.07,41.617,33.53633333,0.3729417048,8.080666667,1,0,PB107,46.905,0.997,-4.104,75.246,,,,,,,,,,,,,,
52345-022,1,inside pen with 3 dolphins,filter_vol,5um,3L,PC,eDNA,1,longmires,20,6.84,136.8,27.181,763.285,15265.7,28.081,27.448,0.102,0.633,1,0,PB110,37.144,0.991,-3.456,94.686,,,,,,,,,,,,,,
52345-018,3,Hand-held grab with 1 L nalgene bottle x 3; inside pen with 3 dolphins to be pooled to 24 L,,,,,eDNA,,,10,,,27.01,1267.13,12671.28,29.781,28.63966667,0.1341248175,1.141333333,1,0,PB108,39.283,0.982,-3.955,78.989,,,,,,,,,,,,,,
52345-037,3,inside pen with 3 dolphins,filter_vol,5um,1L,Q+kit,eDNA,0,Smith_Root,1,0.139,2.78,23.006,12323.647,12323.647,29.399,27.448,0.102,1.951,1,0,PB110,37.144,0.991,-3.456,94.686,,,,,,,,,,,,,,
52345-037,2,inside pen with 3 dolphins,filter_vol,5um,1L,Q+kit,eDNA,0,Smith_Root,1,0.139,2.78,23.01,12287.667,12287.667,29.646,27.448,0.102,2.198,1,0,PB110,37.144,0.991,-3.456,94.686,,,,,,,,,,,,,,
52345-019,3,inside pen with 3 dolphins,filter_vol,1um,3L,PC,eDNA,,,100,,,33.37,1985.75,198575.3,33.352,33.53633333,0.3729417048,-0.1843333333,0,0,PB107,46.905,0.997,-4.104,75.246,,,,,,,,,,,,,,2022-11-18_PB107.xls
52345-037,1,inside pen with 3 dolphins,filter_vol,5um,1L,Q+kit,eDNA,0,Smith_Root,1,0.139,2.78,23.02,12207.424,12207.424,29.521,27.448,0.102,2.073,1,0,PB110,37.144,0.991,-3.456,94.686,,,,,,,,,,,,,,
52345-020,2,inside pen with 3 dolphins,filter_vol,5um,3L,PC,eDNA,,,100,,,33.454,1894.19,189419,33.134,33.53633333,0.3729417048,-0.4023333333,0,0,PB107,46.905,0.997,-4.104,75.246,,,,,,,,,,,,,,2022-11-18_PB107.xls
52345-019,1,inside pen with 3 dolphins,filter_vol,1um,3L,PC,eDNA,,,100,,,33.478,1868.56,186855.5,33.634,33.53633333,0.3729417048,0.09766666667,0,0,PB107,46.905,0.997,-4.104,75.246,,,,,,,,,,,,,,2022-11-18_PB107.xls
52345-018,1,Hand-held grab with 1 L nalgene bottle x 3; inside pen with 3 dolphins to be pooled to 24 L,,,,,eDNA,,,10,,,27.176,1150.37,11503.65,30.118,28.63966667,0.1341248175,1.478333333,1,0,PB108,39.283,0.982,-3.955,78.989,,,,,,,,,,,,,,
52345-018,2,Hand-held grab with 1 L nalgene bottle x 3; inside pen with 3 dolphins to be pooled to 24 L,,,,,eDNA,,,10,,,27.213,1126.12,11261.23,30.171,28.63966667,0.1341248175,1.531333333,1,0,PB108,39.283,0.982,-3.955,78.989,,,,,,,,,,,,,,
52345-036,3,inside pen with 3 dolphins,filter_vol,5um,1L,Q+kit,eDNA,0,Smith_Root,1,0.153,3.06,23.174,11017.405,11017.405,29.64,27.448,0.102,2.192,1,0,PB110,37.144,0.991,-3.456,94.686,,,,,,,,,,,,,,
52345-020,1,Hand-held grab with 1 L nalgene bottle x 3; inside pen with 3 dolphins to be pooled to 24 L,,,,,eDNA,,,10,,,27.263,1094.01,10940.05,29.902,28.63966667,0.1341248175,1.262333333,1,0,PB108,39.283,0.982,-3.955,78.989,,,,,,,,,,,,,,
52345-017,2,Hand-held grab with 1 L nalgene bottle x 3; inside pen with 3 dolphins to be pooled to 24 L,,,,,eDNA,,,10,,,27.302,1069.22,10692.21,30.04,28.63966667,0.1341248175,1.400333333,1,0,PB108,39.283,0.982,-3.955,78.989,,,,,,,,,,,,,,
52345-022,1,inside pen with 3 dolphins,filter_vol,5um,3L,PC,eDNA,,,100,,,33.973,1415.12,141512.2,33.732,33.53633333,0.3729417048,0.1956666667,0,0,PB107,46.905,0.997,-4.104,75.246,,,,,,,,,,,,,,
52345-036,2,inside pen with 3 dolphins,filter_vol,5um,1L,Q+kit,eDNA,0,Smith_Root,1,0.153,3.06,23.267,10357.604,10357.604,29.661,27.448,0.102,2.213,1,0,PB110,37.144,0.991,-3.456,94.686,,,,,,,,,,,,,,
52345-036,1,inside pen with 3 dolphins,filter_vol,5um,1L,Q+kit,eDNA,0,Smith_Root,1,0.153,3.06,23.295,10161.058,10161.058,29.653,27.448,0.102,2.205,1,0,PB110,37.144,0.991,-3.456,94.686,,,,,,,,,,,,,,
52345-017,3,Hand-held grab with 1 L nalgene bottle x 3; inside pen with 3 dolphins to be pooled to 24 L,,,,,eDNA,,,10,,,27.394,1013.32,10133.22,30.035,28.63966667,0.1341248175,1.395333333,1,0,PB108,39.283,0.982,-3.955,78.989,,,,,,,,,,,,,,
52345-017,1,Hand-held grab with 1 L nalgene bottle x 3; inside pen with 3 dolphins to be pooled to 24 L,,,,,eDNA,,,10,,,27.399,1010.67,10106.68,30.314,28.63966667,0.1341248175,1.674333333,1,0,PB108,39.283,0.982,-3.955,78.989,,,,,,,,,,,,,,
"st2_10,000",1,10000 copies per ul,,,,,gB,,,1,,0,23.391,10000,10000,28.897,27.448,0.102,1.449,1,0,PB110,37.144,0.991,-3.456,94.686,,,,,,,,,,,,,,
52345-022,3,inside pen with 3 dolphins,filter_vol,5um,3L,PC,eDNA,,,100,,,34.234,1222.66,122265.5,32.858,33.53633333,0.3729417048,-0.6783333333,0,0,PB107,46.905,0.997,-4.104,75.246,,,,,,,,,,,,,,2022-11-18_PB107.xls
"st2_10,000",2,10000 copies per ul,,,,,gB,,,1,,0,23.246,10000,10000,29.08,27.448,0.102,1.632,1,0,PB110,37.144,0.991,-3.456,94.686,,,,,,,,,,,,,,
"st2_10,000",3,10000 copies per ul,,,,,gB,,,1,,0,23.205,10000,10000,28.831,27.448,0.102,1.383,1,0,PB110,37.144,0.991,-3.456,94.686,,,,,,,,,,,,,,
"st2_10,000",1,10000 copies per ul,,,,,gB,,,1,,0,23.315,10000,10000,29.077,27.745,0.079,1.332,1,0,PB111,37.59,0.991,-3.651,87.887,,,,,,,,,,,,,,
"st2_10,000",2,10000 copies per ul,,,,,gB,,,1,,0,23.218,10000,10000,29.154,27.745,0.079,1.409,1,0,PB111,37.59,0.991,-3.651,87.887,,,,,,,,,,,,,,
"st2_10,000",3,10000 copies per ul,,,,,gB,,,1,,0,22.986,10000,10000,28.88,27.745,0.079,1.135,1,0,PB111,37.59,0.991,-3.651,87.887,,,,,,,,,,,,,,2022-11-18_PB107.xls
St2_TtCB-gB,1,10000 copies per ul,,,,,gB,,,1,,,23.497,10000.00,10000,29.8,28.63966667,0.1341248175,1.160333333,1,0,PB108,39.283,0.982,-3.955,78.989,,,,,,,,,,,,,,2022-11-18_PB107.xls
St2_TtCB-gB,2,10000 copies per ul,,,,,gB,,,1,,,23.534,10000.00,10000,29.801,28.63966667,0.1341248175,1.161333333,1,0,PB108,39.283,0.982,-3.955,78.989,,,,,,,,,,,,,,2022-11-18_PB107.xls
St2_TtCB-gB,3,10000 copies per ul,,,,,gB,,,1,,,23.393,10000.00,10000,29.54,28.63966667,0.1341248175,0.9003333333,1,0,PB108,39.283,0.982,-3.955,78.989,,,,,,,,,,,,,,
52345-019,1,Hand-held grab with 1 L nalgene bottle x 3; inside pen with 3 dolphins to be pooled to 24 L,,,,,eDNA,,,10,,,27.456,977.42,9774.16,30.127,28.63966667,0.1341248175,1.487333333,1,0,PB108,39.283,0.982,-3.955,78.989,,,,,,,,,,,,,,
52345-021,1,Hand-held grab with 1 L nalgene bottle x 3; inside pen with 3 dolphins to be pooled to 24 L,,,,,eDNA,,,10,,,27.475,966.90,9669.03,29.772,28.63966667,0.1341248175,1.132333333,1,0,PB108,39.283,0.982,-3.955,78.989,,,,,,,,,,,,,,
52345-022,1,Hand-held grab with 1 L nalgene bottle x 3; inside pen with 3 dolphins to be pooled to 24 L,,,,,eDNA,,,10,,,27.633,881.68,8816.76,30.279,28.63966667,0.1341248175,1.639333333,1,0,PB108,39.283,0.982,-3.955,78.989,,,,,,,,,,,,,,2022-11-18_PB107.xls
52345-013,3,Hand-held grab with 1 L nalgene bottle; inside pen with 3 dolphins to be pooled to 24 L,,,,,eDNA,,,10,,,27.936,738.99,7389.93,29.375,28.63966667,0.1341248175,0.7353333333,1,0,PB108,39.283,0.982,-3.955,78.989,,,,,,,,,,,,,,2022-11-18_PB107.xls
52345-013,2,Hand-held grab with 1 L nalgene bottle; inside pen with 3 dolphins to be pooled to 24 L,,,,,eDNA,,,10,,,27.964,727.36,7273.63,29.452,28.63966667,0.1341248175,0.8123333333,1,0,PB108,39.283,0.982,-3.955,78.989,,,,,,,,,,,,,,2022-11-18_PB107.xls
52345-012,3,inside pen with 3 dolphins,filter_vol,1um,1L,PC,eDNA,,,100,,,34.587,1002.81,100281.4,32.71,33.53633333,0.3729417048,-0.8263333333,0,0,PB107,46.905,0.997,-4.104,75.246,,,,,,,,,,,,,,
"st3_1,000",1,1000 copies per ul,,,,,gB,,,1,,0,26.849,1000,1000,27.791,27.448,0.102,0.343,0,0,PB110,37.144,0.991,-3.456,94.686,,,,,,,,,,,,,,
"st3_1,000",2,1000 copies per ul,,,,,gB,,,1,,0,26.738,1000,1000,27.794,27.448,0.102,0.346,0,0,PB110,37.144,0.991,-3.456,94.686,,,,,,,,,,,,,,
"st3_1,000",3,1000 copies per ul,,,,,gB,,,1,,0,26.656,1000,1000,27.602,27.448,0.102,0.154,0,0,PB110,37.144,0.991,-3.456,94.686,,,,,,,,,,,,,,
"st3_1,000",1,1000 copies per ul,,,,,gB,,,1,,0,26.497,1000,1000,27.696,27.745,0.079,-0.049,0,0,PB111,37.59,0.991,-3.651,87.887,,,,,,,,,,,,,,
"st3_1,000",2,1000 copies per ul,,,,,gB,,,1,,0,26.355,1000,1000,27.848,27.745,0.079,0.103,0,0,PB111,37.59,0.991,-3.651,87.887,,,,,,,,,,,,,,2022-11-18_PB107.xls
"st3_1,000",3,1000 copies per ul,,,,,gB,,,1,,0,26.154,1000,1000,27.869,27.745,0.079,0.124,0,0,PB111,37.59,0.991,-3.651,87.887,,,,,,,,,,,,,,2022-11-18_PB107.xls
St3_TtCB-gB,1,1000 copies per ul,,,,,gB,,,1,,,27.216,1000.00,1000,29.047,28.63966667,0.1341248175,0.4073333333,0,0,PB108,39.283,0.982,-3.955,78.989,,,,,,,,,,,,,,2022-11-18_PB107.xls
St3_TtCB-gB,2,1000 copies per ul,,,,,gB,,,1,,,27.241,1000.00,1000,29.028,28.63966667,0.1341248175,0.3883333333,0,0,PB108,39.283,0.982,-3.955,78.989,,,,,,,,,,,,,,2022-11-18_PB107.xls
St3_TtCB-gB,3,1000 copies per ul,,,,,gB,,,1,,,27.283,1000.00,1000,28.973,28.63966667,0.1341248175,0.3333333333,0,0,PB108,39.283,0.982,-3.955,78.989,,,,,,,,,,,,,,2022-11-18_PB107.xls
52345-013,1,Hand-held grab with 1 L nalgene bottle; inside pen with 3 dolphins to be pooled to 24 L,,,,,eDNA,,,10,,,28.061,687.25,6872.53,29.64,28.63966667,0.1341248175,1.000333333,1,0,PB108,39.283,0.982,-3.955,78.989,,,,,,,,,,,,,,
52345-011,3,Hand-held grab with 1 L nalgene bottle; inside pen with 3 dolphins to be pooled to 24 L,,,,,eDNA,,,10,,,28.153,651.46,6514.58,29.365,28.63966667,0.1341248175,0.7253333333,1,0,PB108,39.283,0.982,-3.955,78.989,,,,,,,,,,,,,,2022-11-18_PB107.xls
52345-011,2,Hand-held grab with 1 L nalgene bottle; inside pen with 3 dolphins to be pooled to 24 L,,,,,eDNA,,,10,,,28.165,646.97,6469.69,29.243,28.63966667,0.1341248175,0.6033333333,1,0,PB108,39.283,0.982,-3.955,78.989,,,,,,,,,,,,,,2022-11-18_PB107.xls
52345-014,2,inside pen with 3 dolphins,filter_vol,5um,1L,PC,eDNA,1,longmires,20,2.25,45,28.51,314.986,6299.72,27.953,27.448,0.102,0.505,1,1,PB110,37.144,0.991,-3.456,94.686,,,,,,,,,,,,,,2022-11-18_PB107.xls
52345-011,1,Hand-held grab with 1 L nalgene bottle; inside pen with 3 dolphins to be pooled to 24 L,,,,,eDNA,,,10,,,28.299,598.36,5983.55,29.442,28.63966667,0.1341248175,0.8023333333,1,0,PB108,39.283,0.982,-3.955,78.989,,,,,,,,,,,,,,2022-11-18_PB107.xls
52345-012,3,Hand-held grab with 1 L nalgene bottle; inside pen with 3 dolphins to be pooled to 24 L,,,,,eDNA,,,10,,,28.326,589.08,5890.75,29.282,28.63966667,0.1341248175,0.6423333333,1,0,PB108,39.283,0.982,-3.955,78.989,,,,,,,,,,,,,,2022-11-18_PB107.xls
52345-014,2,Hand-held grab with 1 L nalgene bottle; inside pen with 3 dolphins to be pooled to 24 L,,,,,eDNA,,,10,,,28.346,582.24,5822.44,29.356,28.63966667,0.1341248175,0.7163333333,1,0,PB108,39.283,0.982,-3.955,78.989,,,,,,,,,,,,,,2022-11-18_PB107.xls
52345-014,3,Hand-held grab with 1 L nalgene bottle; inside pen with 3 dolphins to be pooled to 24 L,,,,,eDNA,,,10,,,28.384,569.65,5696.48,29.23,28.63966667,0.1341248175,0.5903333333,1,0,PB108,39.283,0.982,-3.955,78.989,,,,,,,,,,,,,,
52345-011,1,inside pen with 3 dolphins,filter_vol,1um,1L,PC,eDNA,,,100,,,34.67,957.49,95749.2,32.55,33.53633333,0.3729417048,-0.9863333333,0,0,PB107,46.905,0.997,-4.104,75.246,,,,,,,,,,,,,,2022-11-18_PB107.xls
52345-012,2,Hand-held grab with 1 L nalgene bottle; inside pen with 3 dolphins to be pooled to 24 L,,,,,eDNA,,,10,,,28.443,550.20,5501.97,29.347,28.63966667,0.1341248175,0.7073333333,1,0,PB108,39.283,0.982,-3.955,78.989,,,,,,,,,,,,,,
52345-020,3,inside pen with 3 dolphins,filter_vol,5um,3L,PC,eDNA,1,longmires,20,6.57,131.4,26.848,952.667,19053.34,27.918,27.448,0.102,0.47,0,0,PB110,37.144,0.991,-3.456,94.686,,,,,,,,,,,,,,2022-11-18_PB107.xls
52345-014,1,Hand-held grab with 1 L nalgene bottle; inside pen with 3 dolphins to be pooled to 24 L,,,,,eDNA,,,10,,,28.456,546.11,5461.13,29.216,28.63966667,0.1341248175,0.5763333333,1,0,PB108,39.283,0.982,-3.955,78.989,,,,,,,,,,,,,,
52345-015,2,Hand-held grab with 1 L nalgene bottle; inside pen with 3 dolphins to be pooled to 24 L,,,,,eDNA,,,10,,,28.481,538.10,5380.98,29.35,28.63966667,0.1341248175,0.7103333333,1,0,PB108,39.283,0.982,-3.955,78.989,,,,,,,,,,,,,,
52345-012,1,Hand-held grab with 1 L nalgene bottle; inside pen with 3 dolphins to be pooled to 24 L,,,,,eDNA,,,10,,,28.488,536.02,5360.18,29.358,28.63966667,0.1341248175,0.7183333333,1,0,PB108,39.283,0.982,-3.955,78.989,,,,,,,,,,,,,,
52345-037,2,inside pen with 3 dolphins,filter_vol,5um,1L,Q+kit,eDNA,0,Smith_Root,20,0.139,2.78,26.977,874.545,17490.9,27.251,27.448,0.102,-0.197,0,1,PB110,37.144,0.991,-3.456,94.686,,,,,,,,,,,,,,
52345-016,2,inside pen with 3 dolphins,filter_vol,5um,1L,PC,eDNA,1,longmires,20,1.56,31.2,28.764,265.812,5316.24,27.968,27.448,0.102,0.52,1,1,PB110,37.144,0.991,-3.456,94.686,,,,,,,,,,,,,,2022-11-18_PB107.xls
52345-019,3,inside pen with 3 dolphins,filter_vol,1um,3L,PC,eDNA,1,longmires,40,8.33,166.6,26.867,864.621,34584.84,27.941,27.745,0.079,0.196,0,1,PB111,37.59,0.991,-3.651,87.887,,,,,,,,,,,,,,
52345-016,3,Hand-held grab with 1 L nalgene bottle; inside pen with 3 dolphins to be pooled to 24 L,,,,,eDNA,,,10,,,28.595,503.79,5037.86,29.308,28.63966667,0.1341248175,0.6683333333,1,0,PB108,39.283,0.982,-3.955,78.989,,,,,,,,,,,,,,
52345-018,2,inside pen with 3 dolphins,filter_vol,1um,3L,PC,eDNA,1,longmires,40,10.1,202,26.887,853.805,34152.2,28.056,27.745,0.079,0.311,0,1,PB111,37.59,0.991,-3.651,87.887,,,,,,,,,,,,,,
52345-015,3,Hand-held grab with 1 L nalgene bottle; inside pen with 3 dolphins to be pooled to 24 L,,,,,eDNA,,,10,,,28.631,493.14,4931.43,29.361,28.63966667,0.1341248175,0.7213333333,1,0,PB108,39.283,0.982,-3.955,78.989,,,,,,,,,,,,,,
52345-016,1,Hand-held grab with 1 L nalgene bottle; inside pen with 3 dolphins to be pooled to 24 L,,,,,eDNA,,,10,,,28.636,491.84,4918.4,29.279,28.63966667,0.1341248175,0.6393333333,1,0,PB108,39.283,0.982,-3.955,78.989,,,,,,,,,,,,,,2022-11-18_PB107.xls
52345-018,1,inside pen with 3 dolphins,filter_vol,1um,3L,PC,eDNA,1,longmires,40,10.1,202,26.927,832.754,33310.16,28.045,27.745,0.079,0.3,0,1,PB111,37.59,0.991,-3.651,87.887,,,,,,,,,,,,,,2022-11-18_PB107.xls
52345-041,1,inside pen with 3 dolphins,filter_vol,5um,3L,Q+kit,eDNA,0,Smith_Root,1,0.139,2.78,24.408,4840.625,4840.625,28.978,27.448,0.102,1.53,1,0,PB110,37.144,0.991,-3.456,94.686,,,,,,,,,,,,,,2022-11-18_PB107.xls
52345-020,2,inside pen with 3 dolphins,filter_vol,5um,3L,PC,eDNA,1,longmires,40,6.57,131.4,26.955,818.234,32729.36,27.876,27.745,0.079,0.131,0,1,PB111,37.59,0.991,-3.651,87.887,,,,,,,,,,,,,,2022-11-18_PB107.xls
52345-037,1,inside pen with 3 dolphins,filter_vol,5um,1L,Q+kit,eDNA,0,Smith_Root,20,0.139,2.78,27.08,816.633,16332.66,27.513,27.448,0.102,0.065,0,1,PB110,37.144,0.991,-3.456,94.686,,,,,,,,,,,,,,2022-11-18_PB107.xls
52345-020,3,inside pen with 3 dolphins,filter_vol,5um,3L,PC,eDNA,1,longmires,40,6.57,131.4,26.998,796.212,31848.48,28.177,27.745,0.079,0.432,0,1,PB111,37.59,0.991,-3.651,87.887,,,,,,,,,,,,,,
52345-020,1,inside pen with 3 dolphins,filter_vol,5um,3L,PC,eDNA,1,longmires,40,6.57,131.4,27.017,786.822,31472.88,27.964,27.745,0.079,0.219,0,1,PB111,37.59,0.991,-3.651,87.887,,,,,,,,,,,,,,
52345-019,2,inside pen with 3 dolphins,filter_vol,1um,3L,PC,eDNA,1,longmires,40,8.33,166.6,27.037,776.98,31079.2,28.016,27.745,0.079,0.271,0,1,PB111,37.59,0.991,-3.651,87.887,,,,,,,,,,,,,,
52345-022,3,inside pen with 3 dolphins,filter_vol,5um,3L,PC,eDNA,1,longmires,40,6.84,136.8,27.057,767.113,30684.52,27.953,27.745,0.079,0.208,0,1,PB111,37.59,0.991,-3.651,87.887,,,,,,,,,,,,,,
52345-036,3,inside pen with 3 dolphins,filter_vol,5um,1L,Q+kit,eDNA,0,Smith_Root,20,0.153,3.06,27.176,765.808,15316.16,27.633,27.448,0.102,0.185,0,1,PB110,37.144,0.991,-3.456,94.686,,,,,,,,,,,,,,
52345-016,2,Hand-held grab with 1 L nalgene bottle; inside pen with 3 dolphins to be pooled to 24 L,,,,,eDNA,,,10,,,28.68,479.32,4793.21,29.444,28.63966667,0.1341248175,0.8043333333,1,0,PB108,39.283,0.982,-3.955,78.989,,,,,,,,,,,,,,2022-11-18_PB107.xls
52345-021,3,inside pen with 3 dolphins,filter_vol,5um,3L,PC,eDNA,1,longmires,40,5.57,111.4,27.065,763.234,30529.36,28.041,27.745,0.079,0.296,0,1,PB111,37.59,0.991,-3.651,87.887,,,,,,,,,,,,,,
52345-017,2,inside pen with 3 dolphins,filter_vol,1um,3L,PC,eDNA,1,longmires,40,7.82,156.4,27.077,757.771,30310.84,28.005,27.745,0.079,0.26,0,1,PB111,37.59,0.991,-3.651,87.887,,,,,,,,,,,,,,
52345-017,3,inside pen with 3 dolphins,filter_vol,1um,3L,PC,eDNA,1,longmires,40,7.82,156.4,27.081,755.682,30227.28,28.081,27.745,0.079,0.336,0,1,PB111,37.59,0.991,-3.651,87.887,,,,,,,,,,,,,,
52345-013,3,inside pen with 3 dolphins,filter_vol,1um,1L,PC,eDNA,,,100,,,35.095,754.33,75433.1,32.996,33.53633333,0.3729417048,-0.5403333333,0,0,PB107,46.905,0.997,-4.104,75.246,,,,,,,,,,,,,,
52345-013,2,inside pen with 3 dolphins,filter_vol,1um,1L,PC,eDNA,,,100,,,35.098,753.19,75318.9,32.811,33.53633333,0.3729417048,-0.7253333333,0,0,PB107,46.905,0.997,-4.104,75.246,,,,,,,,,,,,,,
52345-021,1,inside pen with 3 dolphins,filter_vol,5um,3L,PC,eDNA,1,longmires,40,5.57,111.4,27.094,749.463,29978.52,27.921,27.745,0.079,0.176,0,1,PB111,37.59,0.991,-3.651,87.887,,,,,,,,,,,,,,
52345-018,3,inside pen with 3 dolphins,filter_vol,1um,3L,PC,eDNA,1,longmires,40,10.1,202,27.099,747.024,29880.96,27.901,27.745,0.079,0.156,0,1,PB111,37.59,0.991,-3.651,87.887,,,,,,,,,,,,,,
52345-022,1,inside pen with 3 dolphins,filter_vol,5um,3L,PC,eDNA,1,longmires,40,6.84,136.8,27.116,739.261,29570.44,27.955,27.745,0.079,0.21,0,1,PB111,37.59,0.991,-3.651,87.887,,,,,,,,,,,,,,
52345-015,1,Hand-held grab with 1 L nalgene bottle; inside pen with 3 dolphins to be pooled to 24 L,,,,,eDNA,,,10,,,28.707,471.81,4718.1,29.34,28.63966667,0.1341248175,0.7003333333,1,0,PB108,39.283,0.982,-3.955,78.989,,,,,,,,,,,,,,
52345-037,3,inside pen with 3 dolphins,filter_vol,5um,1L,Q+kit,eDNA,0,Smith_Root,20,0.139,2.78,27.231,738.284,14765.68,27.698,27.448,0.102,0.25,0,1,PB110,37.144,0.991,-3.456,94.686,,,,,,,,,,,,,,
52345-020,3,inside pen with 3 dolphins,filter_vol,5um,3L,PC,eDNA,,,100,,,35.138,736.27,73627.2,32.311,33.53633333,0.3729417048,-1.225333333,0,0,PB107,46.905,0.997,-4.104,75.246,,,,,,,,,,,,,,
52345-019,3,inside pen with 3 dolphins,filter_vol,1um,3L,PC,eDNA,1,longmires,20,8.33,166.6,27.247,730.521,14610.42,27.841,27.448,0.102,0.393,0,0,PB110,37.144,0.991,-3.456,94.686,,,,,,,,,,,,,,
52345-041,2,inside pen with 3 dolphins,filter_vol,5um,3L,Q+kit,eDNA,0,Smith_Root,1,0.139,2.78,24.493,4575.936,4575.936,29.142,27.448,0.102,1.694,1,0,PB110,37.144,0.991,-3.456,94.686,,,,,,,,,,,,,,
52345-017,1,inside pen with 3 dolphins,filter_vol,1um,3L,PC,eDNA,1,longmires,40,7.82,156.4,27.146,725.091,29003.64,28.032,27.745,0.079,0.287,0,1,PB111,37.59,0.991,-3.651,87.887,,,,,,,,,,,,,,
52345-021,2,inside pen with 3 dolphins,filter_vol,5um,3L,PC,eDNA,1,longmires,40,5.57,111.4,27.15,723.341,28933.64,28.026,27.745,0.079,0.281,0,1,PB111,37.59,0.991,-3.651,87.887,,,,,,,,,,,,,,
52345-036,1,inside pen with 3 dolphins,filter_vol,5um,1L,Q+kit,eDNA,0,Smith_Root,20,0.153,3.06,27.298,706.145,14122.9,27.479,27.448,0.102,0.031,0,1,PB110,37.144,0.991,-3.456,94.686,,,,,,,,,,,,,,
52345-036,2,inside pen with 3 dolphins,filter_vol,5um,1L,Q+kit,eDNA,0,Smith_Root,20,0.153,3.06,27.299,705.565,14111.3,27.543,27.448,0.102,0.095,0,1,PB110,37.144,0.991,-3.456,94.686,,,,,,,,,,,,,,
52345-019,1,inside pen with 3 dolphins,filter_vol,1um,3L,PC,eDNA,1,longmires,40,8.33,166.6,27.193,704.281,28171.24,27.977,27.745,0.079,0.232,0,1,PB111,37.59,0.991,-3.651,87.887,,,,,,,,,,,,,,
52345-022,2,inside pen with 3 dolphins,filter_vol,5um,3L,PC,eDNA,1,longmires,40,6.84,136.8,27.218,692.976,27719.04,28.017,27.745,0.079,0.272,0,1,PB111,37.59,0.991,-3.651,87.887,,,,,,,,,,,,,,
52345-041,3,inside pen with 3 dolphins,filter_vol,5um,3L,Q+kit,eDNA,0,Smith_Root,1,0.139,2.78,24.518,4500.262,4500.262,29.205,27.448,0.102,1.757,1,0,PB110,37.144,0.991,-3.456,94.686,,,,,,,,,,,,,,
52345-040,1,inside pen with 3 dolphins,filter_vol,5um,3L,Q+kit,eDNA,0,Smith_Root,1,0.139,2.78,24.993,3279.385,3279.385,28.937,27.448,0.102,1.489,1,0,PB110,37.144,0.991,-3.456,94.686,,,,,,,,,,,,,,
52345-040,3,inside pen with 3 dolphins,filter_vol,5um,3L,Q+kit,eDNA,0,Smith_Root,1,0.139,2.78,25.02,3221.357,3221.357,28.901,27.448,0.102,1.453,1,0,PB110,37.144,0.991,-3.456,94.686,,,,,,,,,,,,,,2022-11-18_PB107.xls
52345-014,1,inside pen with 3 dolphins,filter_vol,5um,1L,PC,eDNA,,,100,,,35.498,601.50,60149.9,32.864,33.53633333,0.3729417048,-0.6723333333,0,0,PB107,46.905,0.997,-4.104,75.246,,,,,,,,,,,,,,
52345-040,2,inside pen with 3 dolphins,filter_vol,5um,3L,Q+kit,eDNA,0,Smith_Root,1,0.139,2.78,25.093,3067.779,3067.779,29.18,27.448,0.102,1.732,1,0,PB110,37.144,0.991,-3.456,94.686,,,,,,,,,,,,,,
52345-038,1,inside pen with 3 dolphins,filter_vol,5um,1L,Q+kit,eDNA,0,Smith_Root,1,0.159,3.18,25.225,2809.397,2809.397,28.567,27.448,0.102,1.119,1,0,PB110,37.144,0.991,-3.456,94.686,,,,,,,,,,,,,,2022-11-18_PB107.xls
52345-038,2,inside pen with 3 dolphins,filter_vol,5um,1L,Q+kit,eDNA,0,Smith_Root,1,0.159,3.18,25.388,2520.148,2520.148,28.498,27.448,0.102,1.05,1,0,PB110,37.144,0.991,-3.456,94.686,,,,,,,,,,,,,,2022-11-18_PB107.xls
52345-038,3,inside pen with 3 dolphins,filter_vol,5um,1L,Q+kit,eDNA,0,Smith_Root,1,0.159,3.18,25.421,2465.89,2465.89,28.875,27.448,0.102,1.427,1,0,PB110,37.144,0.991,-3.456,94.686,,,,,,,,,,,,,,
52345-039,3,inside pen with 3 dolphins,filter_vol,5um,3L,Q+kit,eDNA,0,Smith_Root,1,0.156,3.12,25.571,2231.809,2231.809,28.846,27.448,0.102,1.398,1,0,PB110,37.144,0.991,-3.456,94.686,,,,,,,,,,,,,,
52345-039,1,inside pen with 3 dolphins,filter_vol,5um,3L,Q+kit,eDNA,0,Smith_Root,1,0.156,3.12,25.714,2028.085,2028.085,28.585,27.448,0.102,1.137,1,0,PB110,37.144,0.991,-3.456,94.686,,,,,,,,,,,,,,
52345-039,2,inside pen with 3 dolphins,filter_vol,5um,3L,Q+kit,eDNA,0,Smith_Root,1,0.156,3.12,25.772,1951.689,1951.689,28.652,27.448,0.102,1.204,1,0,PB110,37.144,0.991,-3.456,94.686,,,,,,,,,,,,,,2022-11-18_PB107.xls
52345-016,1,inside pen with 3 dolphins,filter_vol,5um,1L,PC,eDNA,,,10,,,37.734,171.58,1715.84,37.161,33.53633333,0.3729417048,3.624666667,1,0,PB107,46.905,0.997,-4.104,75.246,,,,,,,,,,,,,,2022-11-18_PB107.xls
52345-032,2,inside pen with 1 dolphin,extraction,1um,3L,PC,eDNA,0,longmires,20,5.25,105,27.716,534.615,10692.3,27.82,27.448,0.102,0.372,0,1,PB110,37.144,0.991,-3.456,94.686,,,,,,,,,,,,,,
52345-021,2,inside pen with 3 dolphins,filter_vol,5um,3L,PC,eDNA,,,100,,,35.79,510.68,51067.9,32.611,33.53633333,0.3729417048,-0.9253333333,0,0,PB107,46.905,0.997,-4.104,75.246,,,,,,,,,,,,,,
52345-032,3,inside pen with 1 dolphin,extraction,1um,3L,PC,eDNA,0,longmires,20,5.25,105,27.8,505.48,10109.6,27.845,27.448,0.102,0.397,0,1,PB110,37.144,0.991,-3.456,94.686,,,,,,,,,,,,,,
52345-016,2,inside pen with 3 dolphins,filter_vol,5um,1L,PC,eDNA,,,10,,,37.849,160.92,1609.22,39.163,33.53633333,0.3729417048,5.626666667,1,0,PB107,46.905,0.997,-4.104,75.246,,,,,,,,,,,,,,2022-11-18_PB107.xls
52345-035,1,field negative,,1um,3L,PC,FN,,,100,,,42.838,9.80,979.7,34.429,33.53633333,0.3729417048,0.8926666667,1,0,PB107,46.905,0.997,-4.104,75.246,,,,,,,,,,,,,,
52345-029,3,near sea lions,extraction,1um,3L,PC,eDNA,0,longmires,20,13.8,276,31.782,35.611,712.22,28.166,27.448,0.102,0.718,1,0,PB110,37.144,0.991,-3.456,94.686,,,,,,,,,,,,,,
52345-013,1,inside pen with 3 dolphins,filter_vol,1um,1L,PC,eDNA,,,100,,,35.863,490.29,49028.6,32.431,33.53633333,0.3729417048,-1.105333333,0,0,PB107,46.905,0.997,-4.104,75.246,,,,,,,,,,,,,,
52345-020,1,inside pen with 3 dolphins,filter_vol,5um,3L,PC,eDNA,,,100,,,35.873,487.45,48745,32.499,33.53633333,0.3729417048,-1.037333333,0,0,PB107,46.905,0.997,-4.104,75.246,,,,,,,,,,,,,,
52345-029,1,near sea lions,extraction,1um,3L,PC,eDNA,0,longmires,20,13.8,276,31.977,31.264,625.28,28.168,27.448,0.102,0.72,1,0,PB110,37.144,0.991,-3.456,94.686,,,,,,,,,,,,,,
52345-029,2,near sea lions,extraction,1um,3L,PC,eDNA,0,longmires,20,13.8,276,32.279,25.562,511.24,27.988,27.448,0.102,0.54,1,0,PB110,37.144,0.991,-3.456,94.686,,,,,,,,,,,,,,
52345-013,2,inside pen with 3 dolphins,filter_vol,1um,1L,PC,eDNA,1,longmires,20,2.73,54.6,28.007,440.16,8803.2,27.927,27.448,0.102,0.479,0,1,PB110,37.144,0.991,-3.456,94.686,,,,,,,,,,,,,,
52345-032,1,inside pen with 1 dolphin,extraction,1um,3L,PC,eDNA,0,longmires,20,5.25,105,28.018,437.175,8743.5,27.876,27.448,0.102,0.428,0,1,PB110,37.144,0.991,-3.456,94.686,,,,,,,,,,,,,,
52345-012,2,inside pen with 3 dolphins,filter_vol,1um,1L,PC,eDNA,,,100,,,36.082,433.66,43365.8,32.465,33.53633333,0.3729417048,-1.071333333,0,0,PB107,46.905,0.997,-4.104,75.246,,,,,,,,,,,,,,
52345-013,1,inside pen with 3 dolphins,filter_vol,1um,1L,PC,eDNA,1,longmires,20,2.73,54.6,28.111,410.789,8215.78,27.947,27.448,0.102,0.499,0,1,PB110,37.144,0.991,-3.456,94.686,,,,,,,,,,,,,,
52345-021,3,inside pen with 3 dolphins,filter_vol,5um,3L,PC,eDNA,,,100,,,36.18,410.47,41046.8,32.615,33.53633333,0.3729417048,-0.9213333333,0,0,PB107,46.905,0.997,-4.104,75.246,,,,,,,,,,,,,,
52345-013,3,inside pen with 3 dolphins,filter_vol,1um,1L,PC,eDNA,1,longmires,20,2.73,54.6,28.117,409.135,8182.7,27.719,27.448,0.102,0.271,0,1,PB110,37.144,0.991,-3.456,94.686,,,,,,,,,,,,,,
52345-012,1,inside pen with 3 dolphins,filter_vol,1um,1L,PC,eDNA,,,100,,,36.204,404.85,40484.7,32.88,33.53633333,0.3729417048,-0.6563333333,0,0,PB107,46.905,0.997,-4.104,75.246,,,,,,,,,,,,,,
52345-011,2,inside pen with 3 dolphins,filter_vol,1um,1L,PC,eDNA,,,100,,,36.24,396.83,39682.9,32.132,33.53633333,0.3729417048,-1.404333333,0,0,PB107,46.905,0.997,-4.104,75.246,,,,,,,,,,,,,,
52345-011,2,inside pen with 3 dolphins,filter_vol,1um,1L,PC,eDNA,1,longmires,20,2.67,53.4,28.24,376.972,7539.44,27.775,27.448,0.102,0.327,0,1,PB110,37.144,0.991,-3.456,94.686,,,,,,,,,,,,,,
52345-014,3,inside pen with 3 dolphins,filter_vol,5um,1L,PC,eDNA,1,longmires,20,2.25,45,28.254,373.579,7471.58,27.777,27.448,0.102,0.329,0,1,PB110,37.144,0.991,-3.456,94.686,,,,,,,,,,,,,,
52345-041,1,inside pen with 3 dolphins,filter_vol,5um,3L,Q+kit,eDNA,0,Smith_Root,20,0.139,2.78,28.303,361.377,7227.54,27.448,27.448,0.102,0,0,1,PB110,37.144,0.991,-3.456,94.686,,,,,,,,,,,,,,
52345-041,3,inside pen with 3 dolphins,filter_vol,5um,3L,Q+kit,eDNA,0,Smith_Root,20,0.139,2.78,28.318,357.768,7155.36,27.457,27.448,0.102,0.009,0,1,PB110,37.144,0.991,-3.456,94.686,,,,,,,,,,,,,,
52345-017,2,inside pen with 3 dolphins,filter_vol,1um,3L,PC,eDNA,,,100,,,36.469,348.84,34884.2,33.569,33.53633333,0.3729417048,0.03266666667,0,0,PB107,46.905,0.997,-4.104,75.246,,,,,,,,,,,,,,
52345-022,1,inside pen with 3 dolphins,filter_vol,5um,3L,PC,eDNA,,,10,,,36.532,336.85,3368.54,NA,33.53633333,0.3729417048,#VALUE!,#VALUE!,0,PB107,46.905,0.997,-4.104,75.246,,,,,,,,,,,,,,2022-11-18_PB107.xls
52345-014,1,inside pen with 3 dolphins,filter_vol,5um,1L,PC,eDNA,1,longmires,20,2.25,45,28.43,332.034,6640.68,27.751,27.448,0.102,0.303,0,1,PB110,37.144,0.991,-3.456,94.686,,,,,,,,,,,,,,2022-11-18_PB107.xls
52345-011,1,inside pen with 3 dolphins,filter_vol,1um,1L,PC,eDNA,1,longmires,20,2.67,53.4,28.433,331.374,6627.48,27.673,27.448,0.102,0.225,0,1,PB110,37.144,0.991,-3.456,94.686,,,,,,,,,,,,,,2022-11-18_PB107.xls
52345-011,3,inside pen with 3 dolphins,filter_vol,1um,1L,PC,eDNA,1,longmires,20,2.67,53.4,28.453,327.122,6542.44,27.825,27.448,0.102,0.377,0,1,PB110,37.144,0.991,-3.456,94.686,,,,,,,,,,,,,,2022-11-18_PB107.xls
52345-019,1,inside pen with 3 dolphins,filter_vol,1um,3L,PC,eDNA,,,10,,,36.595,325.20,3252.02,NA,33.53633333,0.3729417048,#VALUE!,#VALUE!,0,PB107,46.905,0.997,-4.104,75.246,,,,,,,,,,,,,,2022-11-18_PB107.xls
52345-012,2,inside pen with 3 dolphins,filter_vol,1um,1L,PC,eDNA,1,longmires,20,2.31,46.2,28.482,320.758,6415.16,27.931,27.448,0.102,0.483,0,1,PB110,37.144,0.991,-3.456,94.686,,,,,,,,,,,,,,2022-11-18_PB107.xls
52345-012,1,inside pen with 3 dolphins,filter_vol,1um,1L,PC,eDNA,1,longmires,20,2.31,46.2,28.508,315.26,6305.2,27.807,27.448,0.102,0.359,0,1,PB110,37.144,0.991,-3.456,94.686,,,,,,,,,,,,,,
52345-023,1,outside pen with 3 dolphins,extraction,1um,3L,PC,eDNA,0,longmires,20,9.72,194.4,32.387,23.796,475.92,28.022,27.448,0.102,0.574,1,1,PB110,37.144,0.991,-3.456,94.686,,,,,,,,,,,,,,
52345-041,2,inside pen with 3 dolphins,filter_vol,5um,3L,Q+kit,eDNA,0,Smith_Root,20,0.139,2.78,28.543,308.024,6160.48,27.637,27.448,0.102,0.189,0,1,PB110,37.144,0.991,-3.456,94.686,,,,,,,,,,,,,,
52345-015,3,inside pen with 3 dolphins,filter_vol,5um,1L,PC,eDNA,1,longmires,20,2.12,42.4,28.568,302.983,6059.66,27.685,27.448,0.102,0.237,0,1,PB110,37.144,0.991,-3.456,94.686,,,,,,,,,,,,,,
52345-012,3,inside pen with 3 dolphins,filter_vol,1um,1L,PC,eDNA,1,longmires,20,2.31,46.2,28.604,295.845,5916.9,27.87,27.448,0.102,0.422,0,1,PB110,37.144,0.991,-3.456,94.686,,,,,,,,,,,,,,
52345-015,1,inside pen with 3 dolphins,filter_vol,5um,1L,PC,eDNA,,,100,,,36.842,283.01,28301,33.299,33.53633333,0.3729417048,-0.2373333333,0,0,PB107,46.905,0.997,-4.104,75.246,,,,,,,,,,,,,,
52345-015,1,inside pen with 3 dolphins,filter_vol,5um,1L,PC,eDNA,1,longmires,20,2.12,42.4,28.72,273.761,5475.22,27.791,27.448,0.102,0.343,0,1,PB110,37.144,0.991,-3.456,94.686,,,,,,,,,,,,,,
52345-015,2,inside pen with 3 dolphins,filter_vol,5um,1L,PC,eDNA,1,longmires,20,2.12,42.4,28.731,271.728,5434.56,27.851,27.448,0.102,0.403,0,1,PB110,37.144,0.991,-3.456,94.686,,,,,,,,,,,,,,
52345-017,1,inside pen with 3 dolphins,filter_vol,1um,3L,PC,eDNA,,,100,,,36.934,268.88,26887.7,33.69,33.53633333,0.3729417048,0.1536666667,0,0,PB107,46.905,0.997,-4.104,75.246,,,,,,,,,,,,,,
52345-043,1,near floating dock,extraction,5um,3L,Q+kit,eDNA,0,Smith_Root,1,0.143,2.86,33.472,11.547,11.547,28.589,27.448,0.102,1.141,1,0,PB110,37.144,0.991,-3.456,94.686,,,,,,,,,,,,,,2022-11-18_PB107.xls
52345-016,1,inside pen with 3 dolphins,filter_vol,5um,1L,PC,eDNA,1,longmires,20,1.56,31.2,28.776,263.7,5274,27.769,27.448,0.102,0.321,0,1,PB110,37.144,0.991,-3.456,94.686,,,,,,,,,,,,,,
52345-040,1,inside pen with 3 dolphins,filter_vol,5um,3L,Q+kit,eDNA,0,Smith_Root,20,0.139,2.78,28.856,250.098,5001.96,27.632,27.448,0.102,0.184,0,1,PB110,37.144,0.991,-3.456,94.686,,,,,,,,,,,,,,
52345-016,3,inside pen with 3 dolphins,filter_vol,5um,1L,PC,eDNA,1,longmires,20,1.56,31.2,28.856,250.053,5001.06,27.917,27.448,0.102,0.469,0,1,PB110,37.144,0.991,-3.456,94.686,,,,,,,,,,,,,,
52345-040,3,inside pen with 3 dolphins,filter_vol,5um,3L,Q+kit,eDNA,0,Smith_Root,20,0.139,2.78,28.885,245.23,4904.6,27.471,27.448,0.102,0.023,0,1,PB110,37.144,0.991,-3.456,94.686,,,,,,,,,,,,,,
52345-033,2,inside pen with 1 dolphin,extraction,1um,3L,Q+kit,eDNA,0,longmires,20,1.79,35.8,29.034,222.121,4442.42,27.543,27.448,0.102,0.095,0,1,PB110,37.144,0.991,-3.456,94.686,,,,,,,,,,,,,,
52345-033,1,inside pen with 1 dolphin,extraction,1um,3L,Q+kit,eDNA,0,longmires,20,1.79,35.8,29.05,219.688,4393.76,27.351,27.448,0.102,-0.097,0,1,PB110,37.144,0.991,-3.456,94.686,,,,,,,,,,,,,,
52345-033,3,inside pen with 1 dolphin,extraction,1um,3L,Q+kit,eDNA,0,longmires,20,1.79,35.8,29.06,218.26,4365.2,27.348,27.448,0.102,-0.1,0,1,PB110,37.144,0.991,-3.456,94.686,,,,,,,,,,,,,,
52345-040,2,inside pen with 3 dolphins,filter_vol,5um,3L,Q+kit,eDNA,0,Smith_Root,20,0.139,2.78,29.068,217.139,4342.78,27.53,27.448,0.102,0.082,0,1,PB110,37.144,0.991,-3.456,94.686,,,,,,,,,,,,,,
52345-020,3,inside pen with 3 dolphins,filter_vol,5um,3L,PC,eDNA,,,10,,,37.407,206.15,2061.48,NA,33.53633333,0.3729417048,#VALUE!,#VALUE!,0,PB107,46.905,0.997,-4.104,75.246,,,,,,,,,,,,,,
52345-016,2,inside pen with 3 dolphins,filter_vol,5um,1L,PC,eDNA,,,100,,,37.512,194.34,19433.8,33.839,33.53633333,0.3729417048,0.3026666667,0,0,PB107,46.905,0.997,-4.104,75.246,,,,,,,,,,,,,,
52345-038,1,inside pen with 3 dolphins,filter_vol,5um,1L,Q+kit,eDNA,0,Smith_Root,20,0.159,3.18,29.295,186.606,3732.12,27.61,27.448,0.102,0.162,0,1,PB110,37.144,0.991,-3.456,94.686,,,,,,,,,,,,,,
52345-043,2,near floating dock,extraction,5um,3L,Q+kit,eDNA,0,Smith_Root,1,0.143,2.86,33.505,11.297,11.297,28.606,27.448,0.102,1.158,1,0,PB110,37.144,0.991,-3.456,94.686,,,,,,,,,,,,,,2022-11-18_PB107.xls
52345-039,2,inside pen with 3 dolphins,filter_vol,5um,3L,Q+kit,eDNA,0,Smith_Root,20,0.156,3.12,29.461,167.076,3341.52,27.392,27.448,0.102,-0.056,0,1,PB110,37.144,0.991,-3.456,94.686,,,,,,,,,,,,,,
52345-026,1,marginal pier,extraction,1um,3L,PC,eDNA,0,longmires,40,17.1,342,40.283,0.183,7.32,28.261,27.745,0.079,0.516,1,1,PB111,37.59,0.991,-3.651,87.887,,,,,,,,,,,,,,
52345-038,2,inside pen with 3 dolphins,filter_vol,5um,1L,Q+kit,eDNA,0,Smith_Root,20,0.159,3.18,29.524,160.291,3205.82,27.597,27.448,0.102,0.149,0,1,PB110,37.144,0.991,-3.456,94.686,,,,,,,,,,,,,,
52345-022,2,inside pen with 3 dolphins,filter_vol,5um,3L,PC,eDNA,,,10,,,37.88,158.14,1581.35,NA,33.53633333,0.3729417048,#VALUE!,#VALUE!,0,PB107,46.905,0.997,-4.104,75.246,,,,,,,,,,,,,,
52345-039,1,inside pen with 3 dolphins,filter_vol,5um,3L,Q+kit,eDNA,0,Smith_Root,20,0.156,3.12,29.566,155.811,3116.22,27.528,27.448,0.102,0.08,0,1,PB110,37.144,0.991,-3.456,94.686,,,,,,,,,,,,,,
52345-034,3,inside pen with 1 dolphin,extraction,1um,3L,kit,eDNA,0,longmires,20,1.69,33.8,29.595,152.818,3056.36,27.72,27.448,0.102,0.272,0,1,PB110,37.144,0.991,-3.456,94.686,,,,,,,,,,,,,,
52345-034,2,inside pen with 1 dolphin,extraction,1um,3L,kit,eDNA,0,longmires,20,1.69,33.8,29.612,151.076,3021.52,27.522,27.448,0.102,0.074,0,1,PB110,37.144,0.991,-3.456,94.686,,,,,,,,,,,,,,
52345-034,1,inside pen with 1 dolphin,extraction,1um,3L,kit,eDNA,0,longmires,20,1.69,33.8,29.645,147.815,2956.3,27.485,27.448,0.102,0.037,0,1,PB110,37.144,0.991,-3.456,94.686,,,,,,,,,,,,,,
52345-015,2,inside pen with 3 dolphins,filter_vol,5um,1L,PC,eDNA,,,100,,,38.011,146.91,14691.2,33.136,33.53633333,0.3729417048,-0.4003333333,0,0,PB107,46.905,0.997,-4.104,75.246,,,,,,,,,,,,,,
52345-038,3,inside pen with 3 dolphins,filter_vol,5um,1L,Q+kit,eDNA,0,Smith_Root,20,0.159,3.18,29.696,142.87,2857.4,27.635,27.448,0.102,0.187,0,1,PB110,37.144,0.991,-3.456,94.686,,,,,,,,,,,,,,
52345-039,3,inside pen with 3 dolphins,filter_vol,5um,3L,Q+kit,eDNA,0,Smith_Root,20,0.156,3.12,29.763,136.637,2732.74,27.462,27.448,0.102,0.014,0,1,PB110,37.144,0.991,-3.456,94.686,,,,,,,,,,,,,,
52345-025,3,outside pen with 3 dolphins,extraction,1um,3L,kit,eDNA,0,longmires,20,9.29,185.8,30.083,110.405,2208.1,27.629,27.448,0.102,0.181,0,1,PB110,37.144,0.991,-3.456,94.686,,,,,,,,,,,,,,
52345-025,2,outside pen with 3 dolphins,extraction,1um,3L,kit,eDNA,0,longmires,20,9.29,185.8,30.157,105.112,2102.24,27.788,27.448,0.102,0.34,0,1,PB110,37.144,0.991,-3.456,94.686,,,,,,,,,,,,,,
52345-025,1,outside pen with 3 dolphins,extraction,1um,3L,kit,eDNA,0,longmires,20,9.29,185.8,30.221,100.731,2014.62,27.64,27.448,0.102,0.192,0,1,PB110,37.144,0.991,-3.456,94.686,,,,,,,,,,,,,,
st4_100,1,100 copies per ul,,,,,gB,,,1,,0,30.424,100,100,27.516,27.448,0.102,0.068,0,0,PB110,37.144,0.991,-3.456,94.686,,,,,,,,,,,,,,
st4_100,2,100 copies per ul,,,,,gB,,,1,,0,30.282,100,100,27.517,27.448,0.102,0.069,0,0,PB110,37.144,0.991,-3.456,94.686,,,,,,,,,,,,,,
st4_100,3,100 copies per ul,,,,,gB,,,1,,0,30.293,100,100,27.574,27.448,0.102,0.126,0,0,PB110,37.144,0.991,-3.456,94.686,,,,,,,,,,,,,,
st4_100,1,100 copies per ul,,,,,gB,,,1,,0,30.243,100,100,27.704,27.745,0.079,-0.041,0,0,PB111,37.59,0.991,-3.651,87.887,,,,,,,,,,,,,,
st4_100,2,100 copies per ul,,,,,gB,,,1,,0,30.179,100,100,27.854,27.745,0.079,0.109,0,0,PB111,37.59,0.991,-3.651,87.887,,,,,,,,,,,,,,
st4_100,3,100 copies per ul,,,,,gB,,,1,,0,29.911,100,100,27.973,27.745,0.079,0.228,0,0,PB111,37.59,0.991,-3.651,87.887,,,,,,,,,,,,,,
St4_TtCB-gB,1,100 copies per ul,,,,,gB,,,1,,,31.01,100.00,100,28.771,28.63966667,0.1341248175,0.1313333333,0,0,PB108,39.283,0.982,-3.955,78.989,,,,,,,,,,,,,,
St4_TtCB-gB,2,100 copies per ul,,,,,gB,,,1,,,31.008,100.00,100,28.852,28.63966667,0.1341248175,0.2123333333,0,0,PB108,39.283,0.982,-3.955,78.989,,,,,,,,,,,,,,
St4_TtCB-gB,3,100 copies per ul,,,,,gB,,,1,,,30.814,100.00,100,28.909,28.63966667,0.1341248175,0.2693333333,0,0,PB108,39.283,0.982,-3.955,78.989,,,,,,,,,,,,,,
52345-017,1,inside pen with 3 dolphins,filter_vol,1um,3L,PC,eDNA,,,10,,,38.823,93.16,931.64,32.662,33.53633333,0.3729417048,-0.8743333333,0,0,PB107,46.905,0.997,-4.104,75.246,,,,,,,,,,,,,,
52345-017,3,inside pen with 3 dolphins,filter_vol,1um,3L,PC,eDNA,,,100,,,38.886,89.92,8991.8,33.559,33.53633333,0.3729417048,0.02266666667,0,0,PB107,46.905,0.997,-4.104,75.246,,,,,,,,,,,,,,
52345-014,2,inside pen with 3 dolphins,filter_vol,5um,1L,PC,eDNA,,,100,,,39.48,64.45,6444.5,33.276,33.53633333,0.3729417048,-0.2603333333,0,0,PB107,46.905,0.997,-4.104,75.246,,,,,,,,,,,,,,
52345-021,1,inside pen with 3 dolphins,filter_vol,5um,3L,PC,eDNA,,,10,,,39.826,53.07,530.74,32.949,33.53633333,0.3729417048,-0.5873333333,0,0,PB107,46.905,0.997,-4.104,75.246,,,,,,,,,,,,,,
52345-030,3,near sea lions,extraction,1um,3L,Q+kit,eDNA,0,longmires,20,5.26,105.2,31.287,49.525,990.5,27.58,27.448,0.102,0.132,0,1,PB110,37.144,0.991,-3.456,94.686,,,,,,,,,,,,,,
52345-030,1,near sea lions,extraction,1um,3L,Q+kit,eDNA,0,longmires,20,5.26,105.2,31.299,49.105,982.1,27.657,27.448,0.102,0.209,0,1,PB110,37.144,0.991,-3.456,94.686,,,,,,,,,,,,,,
52345-031,2,near sea lions,extraction,1um,3L,kit,eDNA,0,longmires,20,5.49,109.8,31.514,42.564,851.28,27.418,27.448,0.102,-0.03,0,1,PB110,37.144,0.991,-3.456,94.686,,,,,,,,,,,,,,
52345-030,2,near sea lions,extraction,1um,3L,Q+kit,eDNA,0,longmires,20,5.26,105.2,31.596,40.291,805.82,27.612,27.448,0.102,0.164,0,1,PB110,37.144,0.991,-3.456,94.686,,,,,,,,,,,,,,
52345-043,3,near floating dock,extraction,5um,3L,Q+kit,eDNA,0,Smith_Root,1,0.143,2.86,34.194,7.141,7.141,28.765,27.448,0.102,1.317,1,0,PB110,37.144,0.991,-3.456,94.686,,,,,,,,,,,,,,2022-11-18_PB107.xls
52345-031,3,near sea lions,extraction,1um,3L,kit,eDNA,0,longmires,20,5.49,109.8,31.8,35.182,703.64,27.752,27.448,0.102,0.304,0,1,PB110,37.144,0.991,-3.456,94.686,,,,,,,,,,,,,,
52345-031,1,near sea lions,extraction,1um,3L,kit,eDNA,0,longmires,20,5.49,109.8,31.868,33.623,672.46,27.53,27.448,0.102,0.082,0,1,PB110,37.144,0.991,-3.456,94.686,,,,,,,,,,,,,,
52345-026,3,marginal pier,extraction,1um,3L,PC,eDNA,0,longmires,20,17.1,342,38.822,0.327,6.54,28.178,27.448,0.102,0.73,1,0,PB110,37.144,0.991,-3.456,94.686,,,,,,,,,,,,,,
52345-029,1,near sea lions,extraction,1um,3L,PC,eDNA,0,longmires,40,13.8,276,32.224,29.492,1179.68,28.103,27.745,0.079,0.358,0,1,PB111,37.59,0.991,-3.651,87.887,,,,,,,,,,,,,,
52345-029,3,near sea lions,extraction,1um,3L,PC,eDNA,0,longmires,40,13.8,276,32.377,26.779,1071.16,27.972,27.745,0.079,0.227,0,1,PB111,37.59,0.991,-3.651,87.887,,,,,,,,,,,,,,
52345-029,2,near sea lions,extraction,1um,3L,PC,eDNA,0,longmires,40,13.8,276,32.449,25.589,1023.56,28.014,27.745,0.079,0.269,0,1,PB111,37.59,0.991,-3.651,87.887,,,,,,,,,,,,,,
52345-042,3,near floating dock,extraction,5um,3L,PC,eDNA,0,Smith_Root,1,0.526,10.52,35.112,3.874,3.874,28.829,27.448,0.102,1.381,1,0,PB110,37.144,0.991,-3.456,94.686,,,,,,,,,,,,,,2022-11-18_PB107.xls
52345-023,2,outside pen with 3 dolphins,extraction,1um,3L,PC,eDNA,0,longmires,20,9.72,194.4,32.314,24.979,499.58,27.94,27.448,0.102,0.492,0,1,PB110,37.144,0.991,-3.456,94.686,,,,,,,,,,,,,,2022-11-18_PB107.xls
52345-023,3,outside pen with 3 dolphins,extraction,1um,3L,PC,eDNA,0,longmires,20,9.72,194.4,32.373,24.016,480.32,27.802,27.448,0.102,0.354,0,1,PB110,37.144,0.991,-3.456,94.686,,,,,,,,,,,,,,2022-11-18_PB107.xls
52345-042,2,near floating dock,extraction,5um,3L,PC,eDNA,0,Smith_Root,1,0.526,10.52,35.259,3.511,3.511,28.792,27.448,0.102,1.344,1,0,PB110,37.144,0.991,-3.456,94.686,,,,,,,,,,,,,,2022-11-18_PB107.xls
52345-014,3,inside pen with 3 dolphins,filter_vol,5um,1L,PC,eDNA,,,100,,,42.144,14.46,1445.6,33.014,33.53633333,0.3729417048,-0.5223333333,0,0,PB107,46.905,0.997,-4.104,75.246,,,,,,,,,,,,,,2022-11-18_PB107.xls
52345-024,2,outside pen with 3 dolphins,extraction,1um,3L,Q+kit,eDNA,0,longmires,20,5.53,110.6,33.358,12.461,249.22,27.62,27.448,0.102,0.172,0,1,PB110,37.144,0.991,-3.456,94.686,,,,,,,,,,,,,,2022-11-18_PB107.xls
52345-042,1,near floating dock,extraction,5um,3L,PC,eDNA,0,Smith_Root,1,0.526,10.52,36.312,1.741,1.741,29.167,27.448,0.102,1.719,1,0,PB110,37.144,0.991,-3.456,94.686,,,,,,,,,,,,,,2022-11-18_PB107.xls
52345-026,2,marginal pier,extraction,1um,3L,PC,eDNA,0,longmires,20,17.1,342,41.873,0.043,0.86,28.076,27.448,0.102,0.628,1,0,PB110,37.144,0.991,-3.456,94.686,,,,,,,,,,,,,,2022-11-18_PB107.xls
52345-016,1,inside pen with 3 dolphins,filter_vol,5um,1L,PC,eDNA,,,100,,,42.791,10.06,1005.6,33.23,33.53633333,0.3729417048,-0.3063333333,0,0,PB107,46.905,0.997,-4.104,75.246,,,,,,,,,,,,,,
st5_10,1,10 copies per ul,,,,,gB,,,1,,0,33.257,10,10,27.414,27.448,0.102,-0.034,0,0,PB110,37.144,0.991,-3.456,94.686,,,,,,,,,,,,,,
st5_10,2,10 copies per ul,,,,,gB,,,1,,0,34.216,10,10,27.604,27.448,0.102,0.156,0,0,PB110,37.144,0.991,-3.456,94.686,,,,,,,,,,,,,,
st5_10,3,10 copies per ul,,,,,gB,,,1,,0,33.549,10,10,27.607,27.448,0.102,0.159,0,0,PB110,37.144,0.991,-3.456,94.686,,,,,,,,,,,,,,
st5_10,1,10 copies per ul,,,,,gB,,,1,,0,33.348,10,10,27.729,27.745,0.079,-0.016,0,0,PB111,37.59,0.991,-3.651,87.887,,,,,,,,,,,,,,
st5_10,2,10 copies per ul,,,,,gB,,,1,,0,33.891,10,10,27.811,27.745,0.079,0.066,0,0,PB111,37.59,0.991,-3.651,87.887,,,,,,,,,,,,,,
st5_10,3,10 copies per ul,,,,,gB,,,1,,0,34.164,10,10,27.766,27.745,0.079,0.021,0,0,PB111,37.59,0.991,-3.651,87.887,,,,,,,,,,,,,,
St5_TtCB-gB,1,10 copies per ul,,,,,gB,,,1,,,34.41,10.00,10,28.907,28.63966667,0.1341248175,0.2673333333,0,0,PB108,39.283,0.982,-3.955,78.989,,,,,,,,,,,,,,
St5_TtCB-gB,2,10 copies per ul,,,,,gB,,,1,,,34.918,10.00,10,28.885,28.63966667,0.1341248175,0.2453333333,0,0,PB108,39.283,0.982,-3.955,78.989,,,,,,,,,,,,,,
St5_TtCB-gB,3,10 copies per ul,,,,,gB,,,1,,,35.204,10.00,10,28.812,28.63966667,0.1341248175,0.1723333333,0,0,PB108,39.283,0.982,-3.955,78.989,,,,,,,,,,,,,,
52345-028,1,marginal pier,extraction,1um,3L,kit,eDNA,0,longmires,1,11.4,228,41.35,0.061,0.061,38.311,27.448,0.102,10.863,1,0,PB110,37.144,0.991,-3.456,94.686,,,,,,,,,,,,,,2022-11-18_PB107.xls
52345-024,3,outside pen with 3 dolphins,extraction,1um,3L,Q+kit,eDNA,0,longmires,20,5.53,110.6,33.781,9.397,187.94,27.515,27.448,0.102,0.067,0,1,PB110,37.144,0.991,-3.456,94.686,,,,,,,,,,,,,,
52345-024,1,outside pen with 3 dolphins,extraction,1um,3L,Q+kit,eDNA,0,longmires,20,5.53,110.6,33.824,9.136,182.72,27.635,27.448,0.102,0.187,0,1,PB110,37.144,0.991,-3.456,94.686,,,,,,,,,,,,,,
52345-011,3,inside pen with 3 dolphins,filter_vol,1um,1L,PC,eDNA,,,100,,,43.306,7.53,753.3,31.833,33.53633333,0.3729417048,-1.703333333,0,0,PB107,46.905,0.997,-4.104,75.246,,,,,,,,,,,,,,
52345-028,3,marginal pier,extraction,1um,3L,kit,eDNA,0,longmires,1,11.4,228,41.689,0.048,0.048,38.035,27.448,0.102,10.587,1,0,PB110,37.144,0.991,-3.456,94.686,,,,,,,,,,,,,,2022-11-18_PB107.xls
NTC+IPC,3,NTC+IPC,,,,,NTC,,,1,,,43.679,6.11,6.109,33.974,33.53633333,0.3729417048,0.4376666667,0,0,PB107,46.905,0.997,-4.104,75.246,,,,,,,,,,,,,,
st6_5,1,5 copies per ul,,,,,gB,,,1,,0,33.567,5,5,27.596,27.448,0.102,0.148,0,0,PB110,37.144,0.991,-3.456,94.686,,,,,,,,,,,,,,
st6_5,2,5 copies per ul,,,,,gB,,,1,,0,34.888,5,5,27.656,27.448,0.102,0.208,0,0,PB110,37.144,0.991,-3.456,94.686,,,,,,,,,,,,,,
st6_5,3,5 copies per ul,,,,,gB,,,1,,0,34.416,5,5,27.547,27.448,0.102,0.099,0,0,PB110,37.144,0.991,-3.456,94.686,,,,,,,,,,,,,,
st6_5,1,5 copies per ul,,,,,gB,,,1,,0,34.032,5,5,27.764,27.745,0.079,0.019,0,0,PB111,37.59,0.991,-3.651,87.887,,,,,,,,,,,,,,
st6_5,2,5 copies per ul,,,,,gB,,,1,,0,35.322,5,5,27.906,27.745,0.079,0.161,0,0,PB111,37.59,0.991,-3.651,87.887,,,,,,,,,,,,,,
st6_5,3,5 copies per ul,,,,,gB,,,1,,0,34.988,5,5,27.802,27.745,0.079,0.057,0,0,PB111,37.59,0.991,-3.651,87.887,,,,,,,,,,,,,,
St6_TtCB-gB,1,5 copies per ul,,,,,gB,,,1,,,36.415,5.00,5,28.851,28.63966667,0.1341248175,0.2113333333,0,0,PB108,39.283,0.982,-3.955,78.989,,,,,,,,,,,,,,
St6_TtCB-gB,2,5 copies per ul,,,,,gB,,,1,,,35.386,5.00,5,28.863,28.63966667,0.1341248175,0.2233333333,0,0,PB108,39.283,0.982,-3.955,78.989,,,,,,,,,,,,,,
St6_TtCB-gB,3,5 copies per ul,,,,,gB,,,1,,,36.832,5.00,5,28.741,28.63966667,0.1341248175,0.1013333333,0,0,PB108,39.283,0.982,-3.955,78.989,,,,,,,,,,,,,,
52345-028,2,marginal pier,extraction,1um,3L,kit,eDNA,0,longmires,1,11.4,228,41.733,0.047,0.047,37.257,27.448,0.102,9.809,1,0,PB110,37.144,0.991,-3.456,94.686,,,,,,,,,,,,,,
52345-027,2,marginal pier,extraction,1um,3L,Q+kit,eDNA,0,longmires,1,4.36,87.2,43.169,0.018,0.018,39.01,27.448,0.102,11.562,1,0,PB110,37.144,0.991,-3.456,94.686,,,,,,,,,,,,,,
52345-043,1,near floating dock,extraction,5um,3L,Q+kit,eDNA,0,Smith_Root,10,0.143,2.86,35.647,3.404,34.04,27.717,27.745,0.079,-0.028,0,1,PB111,37.59,0.991,-3.651,87.887,,,,,,,,,,,,,,2022-11-18_PB107.xls
52345-043,3,near floating dock,extraction,5um,3L,Q+kit,eDNA,0,Smith_Root,10,0.143,2.86,35.781,3.128,31.28,27.704,27.745,0.079,-0.041,0,1,PB111,37.59,0.991,-3.651,87.887,,,,,,,,,,,,,,2022-11-18_PB107.xls
st7_3,1,3 copies per ul,,,,,gB,,,1,,0,36.204,3,3,27.586,27.448,0.102,0.138,0,0,PB110,37.144,0.991,-3.456,94.686,,,,,,,,,,,,,,2022-11-18_PB107.xls
st7_3,2,3 copies per ul,,,,,gB,,,1,,0,34.337,3,3,27.487,27.448,0.102,0.039,0,0,PB110,37.144,0.991,-3.456,94.686,,,,,,,,,,,,,,2022-11-18_PB107.xls
st7_3,3,3 copies per ul,,,,,gB,,,1,,0,35.104,3,3,27.55,27.448,0.102,0.102,0,0,PB110,37.144,0.991,-3.456,94.686,,,,,,,,,,,,,,2022-11-18_PB107.xls
st7_3,1,3 copies per ul,,,,,gB,,,1,,0,34.776,3,3,27.846,27.745,0.079,0.101,0,0,PB111,37.59,0.991,-3.651,87.887,,,,,,,,,,,,,,2022-11-18_PB107.xls
st7_3,2,3 copies per ul,,,,,gB,,,1,,0,36.765,3,3,27.834,27.745,0.079,0.089,0,0,PB111,37.59,0.991,-3.651,87.887,,,,,,,,,,,,,,2022-11-18_PB107.xls
st7_3,3,3 copies per ul,,,,,gB,,,1,,0,37.668,3,3,27.869,27.745,0.079,0.124,0,0,PB111,37.59,0.991,-3.651,87.887,,,,,,,,,,,,,,2022-11-18_PB107.xls
St7_TtCB-gB,1,3 copies per ul,,,,,gB,,,1,,,36.079,3.00,3,28.85,28.63966667,0.1341248175,0.2103333333,0,0,PB108,39.283,0.982,-3.955,78.989,,,,,,,,,,,,,,2022-11-18_PB107.xls
St7_TtCB-gB,2,3 copies per ul,,,,,gB,,,1,,,40.335,3.00,3,28.752,28.63966667,0.1341248175,0.1123333333,0,0,PB108,39.283,0.982,-3.955,78.989,,,,,,,,,,,,,,2022-11-18_PB107.xls
St7_TtCB-gB,3,3 copies per ul,,,,,gB,,,1,,,36.158,3.00,3,28.781,28.63966667,0.1341248175,0.1413333333,0,0,PB108,39.283,0.982,-3.955,78.989,,,,,,,,,,,,,,
52345-027,2,marginal pier,extraction,1um,3L,Q+kit,eDNA,0,longmires,10,4.36,87.2,36.485,2.007,20.07,27.919,27.745,0.079,0.174,0,1,PB111,37.59,0.991,-3.651,87.887,,,,,,,,,,,,,,
52345-026,1,marginal pier,extraction,1um,3L,PC,eDNA,0,longmires,20,17.1,342,NA,,0,28.128,27.448,0.102,0.68,1,0,PB110,37.144,0.991,-3.456,94.686,,,,,,,,,,,,,,2022-11-18_PB107.xls
52345-028,2,marginal pier,extraction,1um,3L,kit,eDNA,0,longmires,10,11.4,228,36.722,1.729,17.29,27.911,27.745,0.079,0.166,0,1,PB111,37.59,0.991,-3.651,87.887,,,,,,,,,,,,,,
52345-027,1,marginal pier,extraction,1um,3L,Q+kit,eDNA,0,longmires,20,4.36,87.2,36.41,1.631,32.62,27.58,27.448,0.102,0.132,0,0,PB110,37.144,0.991,-3.456,94.686,,,,,,,,,,,,,,
52345-042,2,near floating dock,extraction,5um,3L,PC,eDNA,0,Smith_Root,10,0.526,10.52,37.005,1.446,14.46,27.574,27.745,0.079,-0.171,0,1,PB111,37.59,0.991,-3.651,87.887,,,,,,,,,,,,,,
52345-043,2,near floating dock,extraction,5um,3L,Q+kit,eDNA,0,Smith_Root,10,0.143,2.86,37.214,1.267,12.67,27.721,27.745,0.079,-0.024,0,1,PB111,37.59,0.991,-3.651,87.887,,,,,,,,,,,,,,
52345-028,3,marginal pier,extraction,1um,3L,kit,eDNA,0,longmires,10,11.4,228,37.286,1.211,12.11,28.069,27.745,0.079,0.324,0,1,PB111,37.59,0.991,-3.651,87.887,,,,,,,,,,,,,,
st8_1,1,1 copy per ul,,,,,gB,,,1,,0,NA,1,1,27.625,27.448,0.102,0.177,0,0,PB110,37.144,0.991,-3.456,94.686,,,,,,,,,,,,,,
st8_1,2,1 copy per ul,,,,,gB,,,1,,0,38.795,1,1,27.545,27.448,0.102,0.097,0,0,PB110,37.144,0.991,-3.456,94.686,,,,,,,,,,,,,,
st8_1,3,1 copy per ul,,,,,gB,,,1,,0,37.292,1,1,27.544,27.448,0.102,0.096,0,0,PB110,37.144,0.991,-3.456,94.686,,,,,,,,,,,,,,
st8_1,1,1 copy per ul,,,,,gB,,,1,,0,NA,1,1,27.823,27.745,0.079,0.078,0,0,PB111,37.59,0.991,-3.651,87.887,,,,,,,,,,,,,,
st8_1,2,1 copy per ul,,,,,gB,,,1,,0,NA,1,1,27.848,27.745,0.079,0.103,0,0,PB111,37.59,0.991,-3.651,87.887,,,,,,,,,,,,,,
st8_1,3,1 copy per ul,,,,,gB,,,1,,0,37.645,1,1,27.655,27.745,0.079,-0.09,0,0,PB111,37.59,0.991,-3.651,87.887,,,,,,,,,,,,,,
St8_TtCB-gB,1,1 copy per ul,,,,,gB,,,1,,,40.945,1.00,1,28.863,28.63966667,0.1341248175,0.2233333333,0,0,PB108,39.283,0.982,-3.955,78.989,,,,,,,,,,,,,,
St8_TtCB-gB,2,1 copy per ul,,,,,gB,,,1,,,40.193,1.00,1,28.712,28.63966667,0.1341248175,0.07233333333,0,0,PB108,39.283,0.982,-3.955,78.989,,,,,,,,,,,,,,
St8_TtCB-gB,3,1 copy per ul,,,,,gB,,,1,,,NA,1.00,1,28.828,28.63966667,0.1341248175,0.1883333333,0,0,PB108,39.283,0.982,-3.955,78.989,,,,,,,,,,,,,,
52345-043,3,near floating dock,extraction,5um,3L,Q+kit,eDNA,0,Smith_Root,20,0.143,2.86,37.253,0.93,18.6,27.573,27.448,0.102,0.125,0,0,PB110,37.144,0.991,-3.456,94.686,,,,,,,,,,,,,,
52345-042,2,near floating dock,extraction,5um,3L,PC,eDNA,0,Smith_Root,20,0.526,10.52,37.609,0.734,14.68,27.611,27.448,0.102,0.163,0,0,PB110,37.144,0.991,-3.456,94.686,,,,,,,,,,,,,,
52345-028,1,marginal pier,extraction,1um,3L,kit,eDNA,0,longmires,20,11.4,228,37.693,0.694,13.88,27.496,27.448,0.102,0.048,0,0,PB110,37.144,0.991,-3.456,94.686,,,,,,,,,,,,,,
52345-042,1,near floating dock,extraction,5um,3L,PC,eDNA,0,Smith_Root,10,0.526,10.52,38.248,0.66,6.6,27.618,27.745,0.079,-0.127,0,1,PB111,37.59,0.991,-3.651,87.887,,,,,,,,,,,,,,
52345-028,3,marginal pier,extraction,1um,3L,kit,eDNA,0,longmires,20,11.4,228,38.182,0.501,10.02,27.552,27.448,0.102,0.104,0,0,PB110,37.144,0.991,-3.456,94.686,,,,,,,,,,,,,,
52345-043,2,near floating dock,extraction,5um,3L,Q+kit,eDNA,0,Smith_Root,20,0.143,2.86,38.625,0.373,7.46,27.528,27.448,0.102,0.08,0,0,PB110,37.144,0.991,-3.456,94.686,,,,,,,,,,,,,,
52345-042,1,near floating dock,extraction,5um,3L,PC,eDNA,0,Smith_Root,20,0.526,10.52,38.723,0.349,6.98,27.382,27.448,0.102,-0.066,0,0,PB110,37.144,0.991,-3.456,94.686,,,,,,,,,,,,,,
52345-027,1,marginal pier,extraction,1um,3L,Q+kit,eDNA,0,longmires,10,4.36,87.2,39.357,0.328,3.28,27.772,27.745,0.079,0.027,0,1,PB111,37.59,0.991,-3.651,87.887,,,,,,,,,,,,,,
52345-027,1,marginal pier,extraction,1um,3L,Q+kit,eDNA,0,longmires,1,4.36,87.2,NA,,0,43.224,27.448,0.102,15.776,1,0,PB110,37.144,0.991,-3.456,94.686,,,,,,,,,,,,,,2022-11-18_PB107.xls
52345-027,3,marginal pier,extraction,1um,3L,Q+kit,eDNA,0,longmires,1,4.36,87.2,NA,,0,43.333,27.448,0.102,15.885,1,0,PB110,37.144,0.991,-3.456,94.686,,,,,,,,,,,,,,2022-11-18_PB107.xls
52345-035,3,field negative,,1um,3L,PC,FN,,,10,,,NA,,0,34.38,33.53633333,0.3729417048,0.8436666667,1,0,PB107,46.905,0.997,-4.104,75.246,,,,,,,,,,,,,,
52345-044,3,extraction blank,,,,,EB,,,10,,,NA,,0,34.116,33.53633333,0.3729417048,0.5796666667,1,0,PB107,46.905,0.997,-4.104,75.246,,,,,,,,,,,,,,
52345-044,2,extraction blank,,,,,EB,,,100,,,NA,,0,34.113,33.53633333,0.3729417048,0.5766666667,1,0,PB107,46.905,0.997,-4.104,75.246,,,,,,,,,,,,,,
52345-044,3,extraction blank,,,,,EB,,,100,,,NA,,0,34.339,33.53633333,0.3729417048,0.8026666667,1,0,PB107,46.905,0.997,-4.104,75.246,,,,,,,,,,,,,,
52345-046,1,extraction blank,,,,Q+kit,EB,,longmires,1,,0,NA,,0,28.031,27.448,0.102,0.583,1,0,PB110,37.144,0.991,-3.456,94.686,,,,,,,,,,,,,,
52345-017,2,inside pen with 3 dolphins,filter_vol,1um,3L,PC,eDNA,,,10,,,NA,,0,NA,33.53633333,0.3729417048,#VALUE!,#VALUE!,0,PB107,46.905,0.997,-4.104,75.246,,,,,,,,,,,,,,
52345-021,3,inside pen with 3 dolphins,filter_vol,5um,3L,PC,eDNA,,,10,,,NA,,0,NA,33.53633333,0.3729417048,#VALUE!,#VALUE!,0,PB107,46.905,0.997,-4.104,75.246,,,,,,,,,,,,,,
52345-046,2,extraction blank,,,,Q+kit,EB,,longmires,1,,0,NA,,0,28.519,27.448,0.102,1.071,1,0,PB110,37.144,0.991,-3.456,94.686,,,,,,,,,,,,,,2022-11-18_PB107.xls
52345-046,3,extraction blank,,,,Q+kit,EB,,longmires,1,,0,NA,,0,28.77,27.448,0.102,1.322,1,0,PB110,37.144,0.991,-3.456,94.686,,,,,,,,,,,,,,2022-11-18_PB107.xls
52345-047,1,extraction blank,,,,kit,EB,,longmires,1,,0,40.264,,0,29.004,27.448,0.102,1.556,1,0,PB110,37.144,0.991,-3.456,94.686,,,,,,,,,,,,,,2022-11-18_PB107.xls
52345-047,2,extraction blank,,,,kit,EB,,longmires,1,,0,NA,,0,29.04,27.448,0.102,1.592,1,0,PB110,37.144,0.991,-3.456,94.686,,,,,,,,,,,,,,2022-11-18_PB107.xls
52345-047,3,extraction blank,,,,kit,EB,,longmires,1,,0,NA,,0,28.184,27.448,0.102,0.736,1,0,PB110,37.144,0.991,-3.456,94.686,,,,,,,,,,,,,,2022-11-18_PB107.xls
52345-047,1,extraction blank,,,,kit,EB,,longmires,1,,0,NA,,0,28.316,27.745,0.079,0.571,1,0,PB111,37.59,0.991,-3.651,87.887,,,,,,,,,,,,,,2022-11-18_PB107.xls
52345-047,2,extraction blank,,,,kit,EB,,longmires,1,,0,43.087,,0,28.461,27.745,0.079,0.716,1,0,PB111,37.59,0.991,-3.651,87.887,,,,,,,,,,,,,,2022-11-18_PB107.xls
52345-048,1,extraction blank,,,,Q+kit,EB,,Smith_Root,1,,0,NA,,0,28.271,27.448,0.102,0.823,1,0,PB110,37.144,0.991,-3.456,94.686,,,,,,,,,,,,,,2022-11-18_PB107.xls
52345-048,2,extraction blank,,,,Q+kit,EB,,Smith_Root,1,,0,NA,,0,28.082,27.448,0.102,0.634,1,0,PB110,37.144,0.991,-3.456,94.686,,,,,,,,,,,,,,
NTC+IPC,3,NTC+IPC,,,,,NTC,,,1,,,NA,,0,34.389,33.53633333,0.3729417048,0.8526666667,1,0,PB107,46.905,0.997,-4.104,75.246,,,,,,,,,,,,,,
52345-026,1,marginal pier,extraction,1um,3L,PC,eDNA,0,longmires,1,17.1,342,NA,,0,NA,27.448,0.102,#VALUE!,1,0,PB110,37.144,0.991,-3.456,94.686,,,,,,,,,,,,,,2022-11-18_PB107.xls
52345-026,2,marginal pier,extraction,1um,3L,PC,eDNA,0,longmires,1,17.1,342,NA,,0,NA,27.448,0.102,#VALUE!,1,0,PB110,37.144,0.991,-3.456,94.686,,,,,,,,,,,,,,2022-11-18_PB107.xls
52345-026,3,marginal pier,extraction,1um,3L,PC,eDNA,0,longmires,1,17.1,342,NA,,0,NA,27.448,0.102,#VALUE!,1,0,PB110,37.144,0.991,-3.456,94.686,,,,,,,,,,,,,,
52345-020,3,Hand-held grab with 1 L nalgene bottle x 3; inside pen with 3 dolphins to be pooled to 24 L,,,,,eDNA,,,10,,,26.996,1277.90,,29.967,28.63966667,0.1341248175,1.327333333,1,0,PB108,39.283,0.982,-3.955,78.989,,,,,,,,,,,,,,2022-11-18_PB107.xls
52345-020,2,Hand-held grab with 1 L nalgene bottle x 3; inside pen with 3 dolphins to be pooled to 24 L,,,,,eDNA,,,10,,,27.108,1196.94,,29.991,28.63966667,0.1341248175,1.351333333,1,0,PB108,39.283,0.982,-3.955,78.989,,,,,,,,,,,,,,
52345-021,2,Hand-held grab with 1 L nalgene bottle x 3; inside pen with 3 dolphins to be pooled to 24 L,,,,,eDNA,,,10,,,27.147,1170.05,,29.874,28.63966667,0.1341248175,1.234333333,1,0,PB108,39.283,0.982,-3.955,78.989,,,,,,,,,,,,,,
52345-019,3,Hand-held grab with 1 L nalgene bottle x 3; inside pen with 3 dolphins to be pooled to 24 L,,,,,eDNA,,,10,,,27.206,1130.72,,30.011,28.63966667,0.1341248175,1.371333333,1,0,PB108,39.283,0.982,-3.955,78.989,,,,,,,,,,,,,,
52345-019,2,Hand-held grab with 1 L nalgene bottle x 3; inside pen with 3 dolphins to be pooled to 24 L,,,,,eDNA,,,10,,,27.301,1069.63,,30.107,28.63966667,0.1341248175,1.467333333,1,0,PB108,39.283,0.982,-3.955,78.989,,,,,,,,,,,,,,2022-11-18_PB107.xls
52345-026,2,marginal pier,extraction,1um,3L,PC,eDNA,0,longmires,40,17.1,342,NA,,0,27.803,27.745,0.079,0.058,0,1,PB111,37.59,0.991,-3.651,87.887,,,,,,,,,,,,,,
52345-026,3,marginal pier,extraction,1um,3L,PC,eDNA,0,longmires,40,17.1,342,NA,,0,27.899,27.745,0.079,0.154,0,1,PB111,37.59,0.991,-3.651,87.887,,,,,,,,,,,,,,
52345-027,3,marginal pier,extraction,1um,3L,Q+kit,eDNA,0,longmires,10,4.36,87.2,NA,,0,27.873,27.745,0.079,0.128,0,1,PB111,37.59,0.991,-3.651,87.887,,,,,,,,,,,,,,
52345-027,2,marginal pier,extraction,1um,3L,Q+kit,eDNA,0,longmires,20,4.36,87.2,NA,,0,27.558,27.448,0.102,0.11,0,0,PB110,37.144,0.991,-3.456,94.686,,,,,,,,,,,,,,
52345-027,3,marginal pier,extraction,1um,3L,Q+kit,eDNA,0,longmires,20,4.36,87.2,NA,,0,27.512,27.448,0.102,0.064,0,0,PB110,37.144,0.991,-3.456,94.686,,,,,,,,,,,,,,
52345-028,1,marginal pier,extraction,1um,3L,kit,eDNA,0,longmires,10,11.4,228,NA,,0,27.901,27.745,0.079,0.156,0,1,PB111,37.59,0.991,-3.651,87.887,,,,,,,,,,,,,,
52345-028,2,marginal pier,extraction,1um,3L,kit,eDNA,0,longmires,20,11.4,228,NA,,0,27.54,27.448,0.102,0.092,0,0,PB110,37.144,0.991,-3.456,94.686,,,,,,,,,,,,,,
52345-035,1,field negative,,1um,3L,PC,FN,,longmires,1,,0,NA,,0,27.48,27.448,0.102,0.032,0,0,PB110,37.144,0.991,-3.456,94.686,,,,,,,,,,,,,,
52345-035,2,field negative,,1um,3L,PC,FN,,longmires,1,,0,NA,,0,27.661,27.448,0.102,0.213,0,0,PB110,37.144,0.991,-3.456,94.686,,,,,,,,,,,,,,
52345-035,3,field negative,,1um,3L,PC,FN,,longmires,1,,0,NA,,0,27.419,27.448,0.102,-0.029,0,0,PB110,37.144,0.991,-3.456,94.686,,,,,,,,,,,,,,
52345-035,1,field negative,,1um,3L,PC,FN,,,10,,,NA,,0,33.288,33.53633333,0.3729417048,-0.2483333333,0,0,PB107,46.905,0.997,-4.104,75.246,,,,,,,,,,,,,,
52345-035,2,field negative,,1um,3L,PC,FN,,,10,,,NA,,0,33.892,33.53633333,0.3729417048,0.3556666667,0,0,PB107,46.905,0.997,-4.104,75.246,,,,,,,,,,,,,,
52345-035,2,field negative,,1um,3L,PC,FN,,,100,,,NA,,0,33.868,33.53633333,0.3729417048,0.3316666667,0,0,PB107,46.905,0.997,-4.104,75.246,,,,,,,,,,,,,,
52345-035,3,field negative,,1um,3L,PC,FN,,,100,,,NA,,0,33.609,33.53633333,0.3729417048,0.07266666667,0,0,PB107,46.905,0.997,-4.104,75.246,,,,,,,,,,,,,,
52345-042,3,near floating dock,extraction,5um,3L,PC,eDNA,0,Smith_Root,10,0.526,10.52,NA,,0,27.704,27.745,0.079,-0.041,0,1,PB111,37.59,0.991,-3.651,87.887,,,,,,,,,,,,,,
52345-042,3,near floating dock,extraction,5um,3L,PC,eDNA,0,Smith_Root,20,0.526,10.52,NA,,0,27.238,27.448,0.102,-0.21,0,0,PB110,37.144,0.991,-3.456,94.686,,,,,,,,,,,,,,
52345-043,1,near floating dock,extraction,5um,3L,Q+kit,eDNA,0,Smith_Root,20,0.143,2.86,NA,,0,27.549,27.448,0.102,0.101,0,0,PB110,37.144,0.991,-3.456,94.686,,,,,,,,,,,,,,
52345-044,1,extraction blank,,,,PC,EB,,longmires,1,,0,38.173,,0,27.513,27.448,0.102,0.065,0,0,PB110,37.144,0.991,-3.456,94.686,,,,,,,,,,,,,,
52345-044,2,extraction blank,,,,PC,EB,,longmires,1,,0,NA,,0,27.282,27.448,0.102,-0.166,0,0,PB110,37.144,0.991,-3.456,94.686,,,,,,,,,,,,,,
52345-044,3,extraction blank,,,,PC,EB,,longmires,1,,0,NA,,0,27.571,27.448,0.102,0.123,0,0,PB110,37.144,0.991,-3.456,94.686,,,,,,,,,,,,,,
52345-044,1,extraction blank,,,,PC,EB,,longmires,1,,0,NA,,0,27.721,27.745,0.079,-0.024,0,0,PB111,37.59,0.991,-3.651,87.887,,,,,,,,,,,,,,
52345-044,2,extraction blank,,,,PC,EB,,longmires,1,,0,NA,,0,27.788,27.745,0.079,0.043,0,0,PB111,37.59,0.991,-3.651,87.887,,,,,,,,,,,,,,
52345-044,3,extraction blank,,,,PC,EB,,longmires,1,,0,NA,,0,27.468,27.745,0.079,-0.277,0,0,PB111,37.59,0.991,-3.651,87.887,,,,,,,,,,,,,,
52345-044,1,extraction blank,,,,,EB,,,10,,,NA,,0,32.819,33.53633333,0.3729417048,-0.7173333333,0,0,PB107,46.905,0.997,-4.104,75.246,,,,,,,,,,,,,,
52345-044,2,extraction blank,,,,,EB,,,10,,,NA,,0,33.103,33.53633333,0.3729417048,-0.4333333333,0,0,PB107,46.905,0.997,-4.104,75.246,,,,,,,,,,,,,,
52345-044,1,extraction blank,,,,,EB,,,100,,,NA,,0,33.051,33.53633333,0.3729417048,-0.4853333333,0,0,PB107,46.905,0.997,-4.104,75.246,,,,,,,,,,,,,,
52345-045,1,extraction blank,,,,PC,EB,,longmires,1,,0,NA,,0,27.297,27.448,0.102,-0.151,0,0,PB110,37.144,0.991,-3.456,94.686,,,,,,,,,,,,,,
52345-045,2,extraction blank,,,,PC,EB,,longmires,1,,0,NA,,0,27.376,27.448,0.102,-0.072,0,0,PB110,37.144,0.991,-3.456,94.686,,,,,,,,,,,,,,
52345-045,3,extraction blank,,,,PC,EB,,longmires,1,,0,NA,,0,27.583,27.448,0.102,0.135,0,0,PB110,37.144,0.991,-3.456,94.686,,,,,,,,,,,,,,
52345-047,3,extraction blank,,,,kit,EB,,longmires,1,,0,NA,,0,28.103,27.745,0.079,0.358,0,0,PB111,37.59,0.991,-3.651,87.887,,,,,,,,,,,,,,
52345-048,3,extraction blank,,,,Q+kit,EB,,Smith_Root,1,,0,NA,,0,27.774,27.448,0.102,0.326,0,0,PB110,37.144,0.991,-3.456,94.686,,,,,,,,,,,,,,
NTC+IPC,1,NTC+IPC,,,,,NTC,,,1,,0,NA,,0,27.401,27.448,0.102,-0.047,0,0,PB110,37.144,0.991,-3.456,94.686,,,,,,,,,,,,,,
NTC+IPC,1,NTC+IPC,,,,,NTC,,,1,,0,NA,,0,27.482,27.448,0.102,0.034,0,0,PB110,37.144,0.991,-3.456,94.686,,,,,,,,,,,,,,
NTC+IPC,2,NTC+IPC,,,,,NTC,,,1,,0,NA,,0,27.52,27.448,0.102,0.072,0,0,PB110,37.144,0.991,-3.456,94.686,,,,,,,,,,,,,,
NTC+IPC,2,NTC+IPC,,,,,NTC,,,1,,0,NA,,0,27.538,27.448,0.102,0.09,0,0,PB110,37.144,0.991,-3.456,94.686,,,,,,,,,,,,,,
NTC+IPC,3,NTC+IPC,,,,,NTC,,,1,,0,NA,,0,27.263,27.448,0.102,-0.185,0,0,PB110,37.144,0.991,-3.456,94.686,,,,,,,,,,,,,,
NTC+IPC,3,NTC+IPC,,,,,NTC,,,1,,0,NA,,0,27.483,27.448,0.102,0.035,0,0,PB110,37.144,0.991,-3.456,94.686,,,,,,,,,,,,,,
NTC+IPC,1,NTC+IPC,,,,,NTC,,,1,,0,NA,,0,27.843,27.745,0.079,0.098,0,0,PB111,37.59,0.991,-3.651,87.887,,,,,,,,,,,,,,
NTC+IPC,1,NTC+IPC,,,,,NTC,,,1,,0,NA,,0,27.686,27.745,0.079,-0.059,0,0,PB111,37.59,0.991,-3.651,87.887,,,,,,,,,,,,,,
NTC+IPC,2,NTC+IPC,,,,,NTC,,,1,,0,NA,,0,27.705,27.745,0.079,-0.04,0,0,PB111,37.59,0.991,-3.651,87.887,,,,,,,,,,,,,,
NTC+IPC,2,NTC+IPC,,,,,NTC,,,1,,0,NA,,0,27.651,27.745,0.079,-0.094,0,0,PB111,37.59,0.991,-3.651,87.887,,,,,,,,,,,,,,
NTC+IPC,3,NTC+IPC,,,,,NTC,,,1,,0,NA,,0,27.831,27.745,0.079,0.086,0,0,PB111,37.59,0.991,-3.651,87.887,,,,,,,,,,,,,,
NTC+IPC,3,NTC+IPC,,,,,NTC,,,1,,0,NA,,0,27.756,27.745,0.079,0.011,0,0,PB111,37.59,0.991,-3.651,87.887,,,,,,,,,,,,,,
NTC+IPC,1,NTC+IPC,,,,,NTC,,,1,,,NA,,0,33.514,33.53633333,0.3729417048,-0.02233333333,0,0,PB107,46.905,0.997,-4.104,75.246,,,,,,,,,,,,,,
NTC+IPC,1,NTC+IPC,,,,,NTC,,,1,,,NA,,0,33.374,33.53633333,0.3729417048,-0.1623333333,0,0,PB107,46.905,0.997,-4.104,75.246,,,,,,,,,,,,,,
NTC+IPC,2,NTC+IPC,,,,,NTC,,,1,,,NA,,0,33.036,33.53633333,0.3729417048,-0.5003333333,0,0,PB107,46.905,0.997,-4.104,75.246,,,,,,,,,,,,,,
NTC+IPC,2,NTC+IPC,,,,,NTC,,,1,,,NA,,0,33.205,33.53633333,0.3729417048,-0.3313333333,0,0,PB107,46.905,0.997,-4.104,75.246,,,,,,,,,,,,,,
NTC+IPC,3,NTC+IPC,,,,,NTC,,,1,,,43.887,,0,33.274,33.53633333,0.3729417048,-0.2623333333,0,0,PB107,46.905,0.997,-4.104,75.246,,,,,,,,,,,,,,
NTC+IPC,1,NTC+IPC,,,,,NTC,,,1,,,NA,,0,33.429,33.53633333,0.3729417048,-0.1073333333,0,0,PB107,46.905,0.997,-4.104,75.246,,,,,,,,,,,,,,
NTC+IPC,1,NTC+IPC,,,,,NTC,,,1,,,NA,,0,33.328,33.53633333,0.3729417048,-0.2083333333,0,0,PB107,46.905,0.997,-4.104,75.246,,,,,,,,,,,,,,
NTC+IPC,2,NTC+IPC,,,,,NTC,,,1,,,NA,,0,33.559,33.53633333,0.3729417048,0.02266666667,0,0,PB107,46.905,0.997,-4.104,75.246,,,,,,,,,,,,,,
NTC+IPC,2,NTC+IPC,,,,,NTC,,,1,,,NA,,0,33.851,33.53633333,0.3729417048,0.3146666667,0,0,PB107,46.905,0.997,-4.104,75.246,,,,,,,,,,,,,,
NTC+IPC,3,NTC+IPC,,,,,NTC,,,1,,,NA,,0,33.503,33.53633333,0.3729417048,-0.03333333333,0,0,PB107,46.905,0.997,-4.104,75.246,,,,,,,,,,,,,,
52345-021,3,Hand-held grab with 1 L nalgene bottle x 3; inside pen with 3 dolphins to be pooled to 24 L,,,,,eDNA,,,10,,,27.326,1054.13,,29.757,28.63966667,0.1341248175,1.117333333,1,0,PB108,39.283,0.982,-3.955,78.989,,,,,,,,,,,,,,2022-11-18_PB107.xls
52345-022,3,Hand-held grab with 1 L nalgene bottle x 3; inside pen with 3 dolphins to be pooled to 24 L,,,,,eDNA,,,10,,,27.439,987.26,,30.056,28.63966667,0.1341248175,1.416333333,1,0,PB108,39.283,0.982,-3.955,78.989,,,,,,,,,,,,,,
52345-022,2,Hand-held grab with 1 L nalgene bottle x 3; inside pen with 3 dolphins to be pooled to 24 L,,,,,eDNA,,,10,,,27.498,954.11,,30.236,28.63966667,0.1341248175,1.596333333,1,0,PB108,39.283,0.982,-3.955,78.989,,,,,,,,,,,,,,2022-11-18_PB107.xls
52345-035,1,filtering negative control (tap water); 1 L of DW from eDNA lab tap,,,,,eDNA,,,1,,,NA,,,28.76,28.63966667,0.1341248175,0.1203333333,0,0,PB108,39.283,0.982,-3.955,78.989,,,,,,,,,,,,,,
52345-035,2,filtering negative control (tap water); 1 L of DW from eDNA lab tap,,,,,eDNA,,,1,,,NA,,,28.793,28.63966667,0.1341248175,0.1533333333,0,0,PB108,39.283,0.982,-3.955,78.989,,,,,,,,,,,,,,
52345-035,3,filtering negative control (tap water); 1 L of DW from eDNA lab tap,,,,,eDNA,,,1,,,NA,,,28.618,28.63966667,0.1341248175,-0.02166666667,0,0,PB108,39.283,0.982,-3.955,78.989,,,,,,,,,,,,,,
52345-044,1,Extraction blank EX102 - 2 ml of Longmires,,,,,eDNA,,,1,,,NA,,,28.999,28.63966667,0.1341248175,0.3593333333,0,0,PB108,39.283,0.982,-3.955,78.989,,,,,,,,,,,,,,
52345-044,2,Extraction blank EX102 - 2 ml of Longmires,,,,,eDNA,,,1,,,NA,,,28.682,28.63966667,0.1341248175,0.04233333333,0,0,PB108,39.283,0.982,-3.955,78.989,,,,,,,,,,,,,,
52345-044,3,Extraction blank EX102 - 2 ml of Longmires,,,,,eDNA,,,1,,,NA,,,28.653,28.63966667,0.1341248175,0.01333333333,0,0,PB108,39.283,0.982,-3.955,78.989,,,,,,,,,,,,,,
NTC+IPC,1,No template control with IPC DNA,,,,,NTC,,,1,,,NA,,,28.866,28.63966667,0.1341248175,0.2263333333,0,0,PB108,39.283,0.982,-3.955,78.989,,,,,,,,,,,,,,
NTC+IPC,1,No template control with IPC DNA,,,,,NTC,,,1,,,NA,,,28.514,28.63966667,0.1341248175,-0.1256666667,0,0,PB108,39.283,0.982,-3.955,78.989,,,,,,,,,,,,,,
NTC+IPC,2,No template control with IPC DNA,,,,,NTC,,,1,,,NA,,,28.71,28.63966667,0.1341248175,0.07033333333,0,0,PB108,39.283,0.982,-3.955,78.989,,,,,,,,,,,,,,
NTC+IPC,2,No template control with IPC DNA,,,,,NTC,,,1,,,NA,,,28.588,28.63966667,0.1341248175,-0.05166666667,0,0,PB108,39.283,0.982,-3.955,78.989,,,,,,,,,,,,,,
NTC+IPC,3,No template control with IPC DNA,,,,,NTC,,,1,,,NA,,,28.644,28.63966667,0.1341248175,0.004333333333,0,0,PB108,39.283,0.982,-3.955,78.989,,,,,,,,,,,,,,
NTC+IPC,3,No template control with IPC DNA,,,,,NTC,,,1,,,NA,,,28.516,28.63966667,0.1341248175,-0.1236666667,0,0,PB108,39.283,0.982,-3.955,78.989,,,,,,,,,,,,,,