sample,dilution,total_dna,month,creek,station,bio_rep
0821.3Chk.Dn.3,1,0.053,821,3Chk,Dn,3
0821.3Chk.Dn.3,1,0.053,821,3Chk,Dn,3
0921.4Pad.Up5.3,1,0.156,921,4Pad,Up5,3
0921.4Pad.Up5.3,1,0.156,921,4Pad,Up5,3
0222.3Chk.Up.3,1,0.174,222,3Chk,Up,3
0222.3Chk.Up.3,10,0.174,222,3Chk,Up,3
0222.3Chk.Up.3,1,0.174,222,3Chk,Up,3
0421.2Brn.Dn.2,1,0.175,421,2Brn,Dn,2
0421.2Brn.Dn.2,10,0.175,421,2Brn,Dn,2
1121.3Chk.Dn.2,1,0.182,1121,3Chk,Dn,2
0621.4Pad.Up11.1,1,0.187,621,4Pad,Up11,1
0621.4Pad.Up11.1,1,0.187,621,4Pad,Up11,1
0621.4Pad.Up11.1,1,0.187,621,4Pad,Up11,1
0621.4Pad.Up11.1,1,0.187,621,4Pad,Up11,1
0222.2Brn.Dn.3,1,0.22,222,2Brn,Dn,3
0222.2Brn.Dn.3,1,0.22,222,2Brn,Dn,3
0222.2Brn.Dn.1,1,0.24,222,2Brn,Dn,1
0222.2Brn.Dn.1,1,0.24,222,2Brn,Dn,1
0222.2Brn.Dn.2,1,0.262,222,2Brn,Dn,2
0222.2Brn.Dn.2,1,0.262,222,2Brn,Dn,2
1021.3Chk.Up.1,1,0.271,1021,3Chk,Up,1
1021.3Chk.Up.1,1,0.271,1021,3Chk,Up,1
1121.2Brn.Dn.3,1,0.28,1121,2Brn,Dn,3
1121.2Brn.Dn.3,10,0.28,1121,2Brn,Dn,3
1121.2Brn.Dn.3,100,0.28,1121,2Brn,Dn,3
1121.2Brn.Dn.3,10,0.28,1121,2Brn,Dn,3
1121.2Brn.Dn.3,10,0.28,1121,2Brn,Dn,3
0222.3Chk.Dn.2,1,0.291,222,3Chk,Dn,2
0222.3Chk.Dn.2,10,0.291,222,3Chk,Dn,2
0222.3Chk.Dn.2,10,0.291,222,3Chk,Dn,2
0222.3Chk.Dn.2,1,0.291,222,3Chk,Dn,2
0222.3Chk.Dn.1,1,0.317,222,3Chk,Dn,1
0222.3Chk.Dn.1,1,0.317,222,3Chk,Dn,1
1021.2Brn.Dn.3,1,0.325,1021,2Brn,Dn,3
1021.2Brn.Dn.3,1,0.325,1021,2Brn,Dn,3
1021.3Chk.Dn.2,1,0.326,1021,3Chk,Dn,2
1021.3Chk.Dn.2,1,0.326,1021,3Chk,Dn,2
1021.4Pad.Up11.1,1,0.353,1021,4Pad,Up11,1
1021.4Pad.Up11.1,1,0.353,1021,4Pad,Up11,1
1021.5Sqm.Dn.2,1,0.355,1021,5Sqm,Dn,2
1021.5Sqm.Dn.2,10,0.355,1021,5Sqm,Dn,2
0222.3Chk.Dn.3,1,0.358,222,3Chk,Dn,3
0222.3Chk.Dn.3,10,0.358,222,3Chk,Dn,3
0222.3Chk.Dn.3,10,0.358,222,3Chk,Dn,3
0222.3Chk.Dn.3,1,0.358,222,3Chk,Dn,3
0821.2Brn.Up.1,1,0.378,821,2Brn,Up,1
0821.2Brn.Up.1,1,0.378,821,2Brn,Up,1
1021.3Chk.Dn.3,1,0.39,1021,3Chk,Dn,3
1021.3Chk.Dn.3,1,0.39,1021,3Chk,Dn,3
1021.3Chk.Up.3,1,0.391,1021,3Chk,Up,3
1021.3Chk.Up.3,1,0.391,1021,3Chk,Up,3
1221.2Brn.Dn.3,1,0.4,1221,2Brn,Dn,3
0222.3Chk.Up.1,1,0.412,222,3Chk,Up,1
0222.3Chk.Up.1,10,0.412,222,3Chk,Up,1
0222.3Chk.Up.1,10,0.412,222,3Chk,Up,1
0222.3Chk.Up.1,10,0.412,222,3Chk,Up,1
0222.3Chk.Up.1,1,0.412,222,3Chk,Up,1
1021.3Chk.Up.2,1,0.417,1021,3Chk,Up,2
1021.3Chk.Up.2,1,0.417,1021,3Chk,Up,2
0222.3Chk.Up.2,1,0.447,222,3Chk,Up,2
0222.3Chk.Up.2,10,0.447,222,3Chk,Up,2
0222.3Chk.Up.2,10,0.447,222,3Chk,Up,2
0222.3Chk.Up.2,1,0.447,222,3Chk,Up,2
1021.4Pad.Dn.2,1,0.453,1021,4Pad,Dn,2
1021.4Pad.Dn.2,1,0.453,1021,4Pad,Dn,2
1021.4Pad.Up5.2,1,0.454,1021,4Pad,Up5,2
1021.4Pad.Up5.2,1,0.454,1021,4Pad,Up5,2
1021.3Chk.Dn.1,1,0.457,1021,3Chk,Dn,1
1021.3Chk.Dn.1,1,0.457,1021,3Chk,Dn,1
1021.5Sqm.Dn.1,1,0.481,1021,5Sqm,Dn,1
1021.5Sqm.Dn.1,1,0.481,1021,5Sqm,Dn,1
1021.5Sqm.Up.3,1,0.49,1021,5Sqm,Up,3
1021.5Sqm.Up.3,10,0.49,1021,5Sqm,Up,3
0222.2Brn.Up.2,1,0.5,222,2Brn,Up,2
0222.2Brn.Up.2,1,0.5,222,2Brn,Up,2
0222.2Brn.Up.2,1,0.5,222,2Brn,Up,2
1021.2Brn.Dn.1,1,0.503,1021,2Brn,Dn,1
1021.2Brn.Dn.1,1,0.503,1021,2Brn,Dn,1
0421.3Chk.Dn.2,1,0.513,421,3Chk,Dn,2
0421.3Chk.Dn.2,10,0.513,421,3Chk,Dn,2
1021.5Sqm.Dn.3,1,0.522,1021,5Sqm,Dn,3
1021.5Sqm.Dn.3,10,0.522,1021,5Sqm,Dn,3
1021.2Brn.Up.2,1,0.535,1021,2Brn,Up,2
1021.2Brn.Up.2,1,0.535,1021,2Brn,Up,2
1021.2Brn.Up.2,1,0.535,1021,2Brn,Up,2
0321.2Brn.Dn.2,1,0.536,321,2Brn,Dn,2
0321.2Brn.Dn.2,1,0.536,321,2Brn,Dn,2
0321.2Brn.Dn.2,1,0.536,321,2Brn,Dn,2
1221.2Brn.Dn.1,1,0.544,1221,2Brn,Dn,1
1221.2Brn.Dn.1,10,0.544,1221,2Brn,Dn,1
1221.2Brn.Dn.1,10,0.544,1221,2Brn,Dn,1
0821.4Pad.Up5.2,1,0.55,821,4Pad,Up5,2
0821.4Pad.Up5.2,1,0.55,821,4Pad,Up5,2
0821.4Pad.Up5.2,1,0.55,821,4Pad,Up5,2
0821.4Pad.Up5.2,1,0.55,821,4Pad,Up5,2
1021.4Pad.Up5.1,1,0.562,1021,4Pad,Up5,1
1021.4Pad.Up5.1,1,0.562,1021,4Pad,Up5,1
0222.2Brn.Up.3,1,0.569,222,2Brn,Up,3
0222.2Brn.Up.3,1,0.569,222,2Brn,Up,3
0222.2Brn.Up.3,1,0.569,222,2Brn,Up,3
0222.2Brn.Up.1,1,0.575,222,2Brn,Up,1
0222.2Brn.Up.1,1,0.575,222,2Brn,Up,1
0222.2Brn.Up.1,1,0.575,222,2Brn,Up,1
0321.2Brn.Dn.3,1,0.575,321,2Brn,Dn,3
0321.2Brn.Dn.3,1,0.575,321,2Brn,Dn,3
0521.4Pad.Up11.1,1,0.593,521,4Pad,Up11,1
0521.4Pad.Up11.1,1,0.593,521,4Pad,Up11,1
0521.4Pad.Up11.1,1,0.593,521,4Pad,Up11,1
0521.4Pad.Up11.1,1,0.593,521,4Pad,Up11,1
0521.4Pad.Up11.1,1,0.593,521,4Pad,Up11,1
1021.2Brn.Up.3,1,0.615,1021,2Brn,Up,3
1021.2Brn.Up.3,1,0.615,1021,2Brn,Up,3
0521.3Chk.Up.1,100,0.638,521,3Chk,Up,1
0521.3Chk.Up.1,100,0.638,521,3Chk,Up,1
1021.2Brn.Up.1,1,0.663,1021,2Brn,Up,1
1021.2Brn.Up.1,1,0.663,1021,2Brn,Up,1
1021.2Brn.Up.1,1,0.663,1021,2Brn,Up,1
0921.2Brn.Dn.1,1,0.674,921,2Brn,Dn,1
0921.2Brn.Dn.1,10,0.674,921,2Brn,Dn,1
0421.2Brn.Dn.1,1,0.686,421,2Brn,Dn,1
0421.2Brn.Dn.1,10,0.686,421,2Brn,Dn,1
0421.2Brn.Dn.1,100,0.686,421,2Brn,Dn,1
1221.3Chk.Dn.3,1,0.693,1221,3Chk,Dn,3
1221.3Chk.Dn.3,1,0.693,1221,3Chk,Dn,3
0521.1Prt.Up.1,10,0.701,521,1Prt,Up,1
1121.3Chk.Up.1,1,0.736,1121,3Chk,Up,1
0321.3Chk.Dn.3,10,0.744,321,3Chk,Dn,3
0321.3Chk.Dn.3,10,0.744,321,3Chk,Dn,3
0821.3Chk.Dn.2,1,0.773,821,3Chk,Dn,2
0821.3Chk.Dn.2,1,0.773,821,3Chk,Dn,2
0321.3Chk.Dn.2,1,0.774,321,3Chk,Dn,2
0321.3Chk.Dn.2,1,0.774,321,3Chk,Dn,2
0921.2Brn.Up.3,1,0.78,921,2Brn,Up,3
0921.2Brn.Up.3,1,0.78,921,2Brn,Up,3
0921.2Brn.Up.3,1,0.78,921,2Brn,Up,3
0321.3Chk.Up.2,10,0.784,321,3Chk,Up,2
0321.3Chk.Up.2,10,0.784,321,3Chk,Up,2
0321.3Chk.Up.2,100,0.784,321,3Chk,Up,2
1221.3Chk.Up.3,1,0.784,1221,3Chk,Up,3
1221.3Chk.Up.3,10,0.784,1221,3Chk,Up,3
0521.3Chk.Dn.1,100,0.789,521,3Chk,Dn,1
0921.2Brn.Dn.3,1,0.811,921,2Brn,Dn,3
0921.2Brn.Dn.3,10,0.811,921,2Brn,Dn,3
0921.2Brn.Dn.3,100,0.811,921,2Brn,Dn,3
0921.2Brn.Up.2,1,0.82,921,2Brn,Up,2
0921.2Brn.Up.2,1,0.82,921,2Brn,Up,2
0921.2Brn.Up.2,1,0.82,921,2Brn,Up,2
0321.2Brn.Dn.1,1,0.836,321,2Brn,Dn,1
0321.2Brn.Dn.1,1,0.836,321,2Brn,Dn,1
0321.2Brn.Dn.1,1,0.836,321,2Brn,Dn,1
0321.3Chk.Up.3,10,0.843,321,3Chk,Up,3
0321.3Chk.Up.3,10,0.843,321,3Chk,Up,3
0821.3Chk.Dn.1,1,0.859,821,3Chk,Dn,1
0821.3Chk.Dn.1,1,0.859,821,3Chk,Dn,1
0421.3Chk.Up.2,1,0.866,421,3Chk,Up,2
0421.3Chk.Up.2,10,0.866,421,3Chk,Up,2
0921.4Pad.Up5.2,1,0.867,921,4Pad,Up5,2
0921.4Pad.Up5.2,1,0.867,921,4Pad,Up5,2
1021.4Pad.Up11.2,1,0.885,1021,4Pad,Up11,2
1021.4Pad.Up11.2,1,0.885,1021,4Pad,Up11,2
1021.4Pad.Dn.3,1,0.898,1021,4Pad,Dn,3
1021.4Pad.Dn.3,1,0.898,1021,4Pad,Dn,3
1221.2Brn.Up.2,1,0.901,1221,2Brn,Up,2
1221.2Brn.Up.2,1,0.901,1221,2Brn,Up,2
0721.4Pad.Up11.1,1,0.909,721,4Pad,Up11,1
0721.4Pad.Up11.1,1,0.909,721,4Pad,Up11,1
0721.4Pad.Up11.1,1,0.909,721,4Pad,Up11,1
0721.4Pad.Up11.1,1,0.909,721,4Pad,Up11,1
0621.2Brn.Up.3,1,0.927,621,2Brn,Up,3
0621.2Brn.Up.3,1,0.927,621,2Brn,Up,3
0521.3Chk.Up.3,10,0.932,521,3Chk,Up,3
0222.4Pad.Up11.3,1,0.94,222,4Pad,Up11,3
0222.4Pad.Up11.3,1,0.94,222,4Pad,Up11,3
0222.4Pad.Up11.3,1,0.94,222,4Pad,Up11,3
1221.5Sqm.Dn.3,1,0.943,1221,5Sqm,Dn,3
0521.5Sqm.Dn.1,1,0.96,521,5Sqm,Dn,1
0222.5Sqm.Up.2,1,0.965,222,5Sqm,Up,2
0222.5Sqm.Up.2,10,0.965,222,5Sqm,Up,2
0222.5Sqm.Up.2,1,0.965,222,5Sqm,Up,2
0321.3Chk.Up.1,10,0.975,321,3Chk,Up,1
0321.3Chk.Up.1,10,0.975,321,3Chk,Up,1
0821.2Brn.Dn.1,1,0.986,821,2Brn,Dn,1
0821.4Pad.Up11.2,1,0.995,821,4Pad,Up11,2
0821.4Pad.Up11.2,1,0.995,821,4Pad,Up11,2
0821.4Pad.Up11.2,1,0.995,821,4Pad,Up11,2
0821.4Pad.Up11.2,1,0.995,821,4Pad,Up11,2
0222.4Pad.Up5.2,1,1.03,222,4Pad,Up5,2
0222.4Pad.Up5.2,1,1.03,222,4Pad,Up5,2
0222.4Pad.Up5.2,1,1.03,222,4Pad,Up5,2
0222.5Sqm.Dn.2,1,1.03,222,5Sqm,Dn,2
0222.5Sqm.Dn.2,10,1.03,222,5Sqm,Dn,2
0222.5Sqm.Dn.2,10,1.03,222,5Sqm,Dn,2
0222.5Sqm.Dn.2,1,1.03,222,5Sqm,Dn,2
0921.2Brn.Up.1,1,1.03,921,2Brn,Up,1
0921.2Brn.Up.1,1,1.03,921,2Brn,Up,1
0921.2Brn.Up.1,1,1.03,921,2Brn,Up,1
0921.2Brn.Up.1,10,1.03,921,2Brn,Up,1
0921.2Brn.Up.1,10,1.03,921,2Brn,Up,1
1121.2Brn.Dn.2,1,1.03,1121,2Brn,Dn,2
1121.2Brn.Dn.2,10,1.03,1121,2Brn,Dn,2
1121.2Brn.Dn.2,10,1.03,1121,2Brn,Dn,2
1121.2Brn.Dn.2,10,1.03,1121,2Brn,Dn,2
1221.2Brn.Up.3,1,1.03,1221,2Brn,Up,3
1221.2Brn.Up.3,1,1.03,1221,2Brn,Up,3
0421.2Brn.Up.1,1,1.04,421,2Brn,Up,1
0421.2Brn.Up.1,10,1.04,421,2Brn,Up,1
1021.5Sqm.Up.2,1,1.04,1021,5Sqm,Up,2
1021.5Sqm.Up.2,10,1.04,1021,5Sqm,Up,2
0821.4Pad.Up5.1,1,1.07,821,4Pad,Up5,1
0821.4Pad.Up5.1,1,1.07,821,4Pad,Up5,1
0821.4Pad.Up5.1,1,1.07,821,4Pad,Up5,1
0821.4Pad.Up5.1,1,1.07,821,4Pad,Up5,1
1221.3Chk.Up.1,1,1.07,1221,3Chk,Up,1
1221.3Chk.Up.1,10,1.07,1221,3Chk,Up,1
0222.4Pad.Up11.1,1,1.08,222,4Pad,Up11,1
0222.4Pad.Up11.1,1,1.08,222,4Pad,Up11,1
0222.4Pad.Up11.1,1,1.08,222,4Pad,Up11,1
0222.4Pad.Up11.1,1,1.08,222,4Pad,Up11,1
0222.4Pad.Up11.1,10,1.08,222,4Pad,Up11,1
0222.4Pad.Up11.1,10,1.08,222,4Pad,Up11,1
1221.3Chk.Dn.2,1,1.09,1221,3Chk,Dn,2
0222.4Pad.Dn.1,1,1.1,222,4Pad,Dn,1
0222.4Pad.Dn.1,1,1.1,222,4Pad,Dn,1
0521.3Chk.Dn.2,10,1.12,521,3Chk,Dn,2
0222.4Pad.Up11.2,1,1.13,222,4Pad,Up11,2
0222.4Pad.Up11.2,1,1.13,222,4Pad,Up11,2
0222.4Pad.Up11.2,1,1.13,222,4Pad,Up11,2
0222.5Sqm.Up.1,1,1.13,222,5Sqm,Up,1
0222.5Sqm.Up.1,10,1.13,222,5Sqm,Up,1
0222.5Sqm.Up.1,10,1.13,222,5Sqm,Up,1
0222.5Sqm.Up.1,1,1.13,222,5Sqm,Up,1
0222.5Sqm.Up.3,1,1.17,222,5Sqm,Up,3
0222.5Sqm.Up.3,10,1.17,222,5Sqm,Up,3
0222.5Sqm.Up.3,1,1.17,222,5Sqm,Up,3
0521.3Chk.Up.2,10,1.19,521,3Chk,Up,2
1221.3Chk.Dn.1,1,1.19,1221,3Chk,Dn,1
1221.3Chk.Up.2,1,1.19,1221,3Chk,Up,2
1221.3Chk.Up.2,10,1.19,1221,3Chk,Up,2
1121.2Brn.Up.1,1,1.2,1121,2Brn,Up,1
1121.2Brn.Up.1,1,1.2,1121,2Brn,Up,1
1121.2Brn.Up.1,10,1.2,1121,2Brn,Up,1
1121.2Brn.Up.1,10,1.2,1121,2Brn,Up,1
0521.4Pad.Up5.2,1,1.21,521,4Pad,Up5,2
0521.4Pad.Up5.2,1,1.21,521,4Pad,Up5,2
0521.4Pad.Up5.2,2,1.21,521,4Pad,Up5,2
0521.4Pad.Up5.2,2,1.21,521,4Pad,Up5,2
0621.4Pad.Dn.3,1,1.22,621,4Pad,Dn,3
0621.4Pad.Dn.3,1,1.22,621,4Pad,Dn,3
0621.4Pad.Dn.3,1,1.22,621,4Pad,Dn,3
0621.4Pad.Dn.3,1,1.22,621,4Pad,Dn,3
0921.3Chk.Dn.2,1,1.23,921,3Chk,Dn,2
0921.3Chk.Dn.2,1,1.23,921,3Chk,Dn,2
0921.2Brn.Dn.2,1,1.24,921,2Brn,Dn,2
0921.2Brn.Dn.2,10,1.24,921,2Brn,Dn,2
1121.2Brn.Up.3,1,1.25,1121,2Brn,Up,3
1121.2Brn.Up.3,1,1.25,1121,2Brn,Up,3
1121.3Chk.Up.3,1,1.29,1121,3Chk,Up,3
1121.3Chk.Up.3,10,1.29,1121,3Chk,Up,3
0521.5Sqm.Up.2,1,1.3,521,5Sqm,Up,2
1021.1Prt.Dn.2,1,1.3,1021,1Prt,Dn,2
1021.1Prt.Dn.2,1,1.3,1021,1Prt,Dn,2
0222.5Sqm.Dn.1,1,1.32,222,5Sqm,Dn,1
0222.5Sqm.Dn.1,10,1.32,222,5Sqm,Dn,1
0222.5Sqm.Dn.1,1,1.32,222,5Sqm,Dn,1
0222.5Sqm.Dn.3,1,1.32,222,5Sqm,Dn,3
0222.5Sqm.Dn.3,10,1.32,222,5Sqm,Dn,3
0222.5Sqm.Dn.3,1,1.32,222,5Sqm,Dn,3
1121.3Chk.Dn.3,1,1.32,1121,3Chk,Dn,3
1121.3Chk.Up.2,1,1.34,1121,3Chk,Up,2
0321.3Chk.Dn.1,10,1.35,321,3Chk,Dn,1
0321.3Chk.Dn.1,10,1.35,321,3Chk,Dn,1
0921.4Pad.Dn.1,1,1.35,921,4Pad,Dn,1
0921.4Pad.Dn.1,1,1.35,921,4Pad,Dn,1
0921.4Pad.Dn.1,1,1.35,921,4Pad,Dn,1
0921.3Chk.Dn.3,1,1.37,921,3Chk,Dn,3
0921.3Chk.Dn.3,1,1.37,921,3Chk,Dn,3
0921.3Chk.Dn.1,1,1.41,921,3Chk,Dn,1
0921.3Chk.Dn.1,1,1.41,921,3Chk,Dn,1
1021.4Pad.Dn.1,1,1.41,1021,4Pad,Dn,1
1021.4Pad.Dn.1,1,1.41,1021,4Pad,Dn,1
1121.3Chk.Dn.1,1,1.41,1121,3Chk,Dn,1
0222.4Pad.Dn.2,1,1.42,222,4Pad,Dn,2
0222.4Pad.Dn.2,1,1.42,222,4Pad,Dn,2
1221.2Brn.Up.1,1,1.42,1221,2Brn,Up,1
1221.2Brn.Up.1,1,1.42,1221,2Brn,Up,1
0521.2Brn.Dn.2,1,1.44,521,2Brn,Dn,2
1221.5Sqm.Up.2,1,1.44,1221,5Sqm,Up,2
1221.5Sqm.Up.2,10,1.44,1221,5Sqm,Up,2
0821.4Pad.Up5.3,1,1.47,821,4Pad,Up5,3
0821.4Pad.Up5.3,1,1.47,821,4Pad,Up5,3
0821.4Pad.Up5.3,1,1.47,821,4Pad,Up5,3
0821.4Pad.Up5.3,1,1.47,821,4Pad,Up5,3
0521.3Chk.Dn.3,100,1.49,521,3Chk,Dn,3
0921.4Pad.Dn.3,1,1.5,921,4Pad,Dn,3
0921.4Pad.Dn.3,1,1.5,921,4Pad,Dn,3
0721.3Chk.Up.1,1,1.54,721,3Chk,Up,1
0621.1Prt.Up.1,10,1.55,621,1Prt,Up,1
1121.2Brn.Dn.1,1,1.57,1121,2Brn,Dn,1
1121.2Brn.Dn.1,10,1.57,1121,2Brn,Dn,1
1121.2Brn.Dn.1,10,1.57,1121,2Brn,Dn,1
0421.3Chk.Up.3,1,1.58,421,3Chk,Up,3
0421.3Chk.Up.3,10,1.58,421,3Chk,Up,3
0921.1Prt.Dn.2,1,1.59,921,1Prt,Dn,2
0921.1Prt.Dn.2,10,1.59,921,1Prt,Dn,2
0222.4Pad.Dn.3,1,1.61,222,4Pad,Dn,3
0222.4Pad.Dn.3,1,1.61,222,4Pad,Dn,3
0222.4Pad.Dn.3,1,1.61,222,4Pad,Dn,3
0222.4Pad.Dn.3,10,1.61,222,4Pad,Dn,3
0222.4Pad.Dn.3,10,1.61,222,4Pad,Dn,3
0621.3Chk.Up.1,1,1.61,621,3Chk,Up,1
0521.2Brn.Up.1,10,1.62,521,2Brn,Up,1
0521.2Brn.Up.1,10,1.62,521,2Brn,Up,1
0122.4Pad.Up11.1,1,1.63,122,4Pad,Up11,1
0122.4Pad.Up11.1,1,1.63,122,4Pad,Up11,1
0122.4Pad.Up11.1,1,1.63,122,4Pad,Up11,1
0521.5Sqm.Dn.2,1,1.63,521,5Sqm,Dn,2
1021.5Sqm.Up.1,1,1.63,1021,5Sqm,Up,1
1021.5Sqm.Up.1,10,1.63,1021,5Sqm,Up,1
0122.3Chk.Dn.3,1,1.64,122,3Chk,Dn,3
0122.3Chk.Dn.3,1,1.64,122,3Chk,Dn,3
0122.3Chk.Dn.3,10,1.64,122,3Chk,Dn,3
0122.5Sqm.Dn.1,1,1.64,122,5Sqm,Dn,1
0122.5Sqm.Dn.1,1,1.64,122,5Sqm,Dn,1
0122.5Sqm.Dn.1,10,1.64,122,5Sqm,Dn,1
0122.3Chk.Up.3,1,1.66,122,3Chk,Up,3
0122.3Chk.Up.3,1,1.66,122,3Chk,Up,3
0122.3Chk.Up.3,10,1.66,122,3Chk,Up,3
0621.1Prt.Up.3,10,1.71,621,1Prt,Up,3
0721.3Chk.Up.2,1,1.72,721,3Chk,Up,2
0721.4Pad.Up11.3,1,1.72,721,4Pad,Up11,3
0721.4Pad.Up11.3,1,1.72,721,4Pad,Up11,3
0721.4Pad.Up11.3,1,1.72,721,4Pad,Up11,3
0721.4Pad.Up11.3,1,1.72,721,4Pad,Up11,3
0621.3Chk.Up.2,1,1.77,621,3Chk,Up,2
0621.3Chk.Up.2,10,1.77,621,3Chk,Up,2
0821.4Pad.Up11.1,1,1.79,821,4Pad,Up11,1
0821.4Pad.Up11.1,1,1.79,821,4Pad,Up11,1
0821.4Pad.Up11.1,1,1.79,821,4Pad,Up11,1
0821.4Pad.Up11.1,1,1.79,821,4Pad,Up11,1
1121.2Brn.Up.2,1,1.79,1121,2Brn,Up,2
1121.2Brn.Up.2,1,1.79,1121,2Brn,Up,2
0621.3Chk.Up.3,1,1.81,621,3Chk,Up,3
0621.3Chk.Up.3,10,1.81,621,3Chk,Up,3
0621.3Chk.Dn.1,1,1.82,621,3Chk,Dn,1
0521.5Sqm.Up.3,1,1.83,521,5Sqm,Up,3
0521.5Sqm.Up.1,1,1.86,521,5Sqm,Up,1
0921.4Pad.Up5.1,1,1.87,921,4Pad,Up5,1
0921.4Pad.Up5.1,1,1.87,921,4Pad,Up5,1
0122.3Chk.Up.1,1,1.9,122,3Chk,Up,1
0122.3Chk.Up.1,1,1.9,122,3Chk,Up,1
0122.3Chk.Up.1,10,1.9,122,3Chk,Up,1
0222.4Pad.Up5.3,1,1.9,222,4Pad,Up5,3
0222.4Pad.Up5.3,1,1.9,222,4Pad,Up5,3
0222.4Pad.Up5.3,1,1.9,222,4Pad,Up5,3
0621.5Sqm.Dn.2,10,1.9,621,5Sqm,Dn,2
0421.3Chk.Up.1,1,1.91,421,3Chk,Up,1
0421.3Chk.Up.1,10,1.91,421,3Chk,Up,1
0821.2Brn.Dn.3,1,1.92,821,2Brn,Dn,3
0122.3Chk.Dn.1,1,1.95,122,3Chk,Dn,1
0122.3Chk.Dn.1,1,1.95,122,3Chk,Dn,1
0122.3Chk.Dn.1,10,1.95,122,3Chk,Dn,1
0122.3Chk.Dn.1,10,1.95,122,3Chk,Dn,1
0721.4Pad.Up5.1,1,1.96,721,4Pad,Up5,1
0721.4Pad.Up5.1,1,1.96,721,4Pad,Up5,1
0721.4Pad.Up5.1,1,1.96,721,4Pad,Up5,1
0721.4Pad.Up5.1,1,1.96,721,4Pad,Up5,1
0122.3Chk.Dn.2,1,2,122,3Chk,Dn,2
0122.3Chk.Dn.2,1,2,122,3Chk,Dn,2
0122.3Chk.Dn.2,10,2,122,3Chk,Dn,2
1021.2Brn.Dn.2,1,2,1021,2Brn,Dn,2
1021.2Brn.Dn.2,1,2,1021,2Brn,Dn,2
0122.3Chk.Up.2,1,2.01,122,3Chk,Up,2
0122.3Chk.Up.2,1,2.01,122,3Chk,Up,2
0122.3Chk.Up.2,10,2.01,122,3Chk,Up,2
1221.5Sqm.Up.1,1,2.02,1221,5Sqm,Up,1
1221.5Sqm.Up.1,10,2.02,1221,5Sqm,Up,1
1221.5Sqm.Up.1,10,2.02,1221,5Sqm,Up,1
0122.4Pad.Dn.3,10,2.07,122,4Pad,Dn,3
0122.4Pad.Dn.3,10,2.07,122,4Pad,Dn,3
1221.5Sqm.Up.3,1,2.1,1221,5Sqm,Up,3
1221.5Sqm.Up.3,10,2.1,1221,5Sqm,Up,3
0122.4Pad.Dn.2,10,2.12,122,4Pad,Dn,2
0122.4Pad.Dn.2,10,2.12,122,4Pad,Dn,2
0421.3Chk.Dn.3,1,2.13,421,3Chk,Dn,3
0421.3Chk.Dn.3,10,2.13,421,3Chk,Dn,3
0921.1Prt.Dn.3,1,2.22,921,1Prt,Dn,3
0921.1Prt.Dn.3,10,2.22,921,1Prt,Dn,3
0521.2Brn.Dn.3,1,2.27,521,2Brn,Dn,3
0621.4Pad.Up11.2,1,2.28,621,4Pad,Up11,2
0621.4Pad.Up11.2,1,2.28,621,4Pad,Up11,2
0621.4Pad.Up11.2,1,2.28,621,4Pad,Up11,2
0621.4Pad.Up11.2,1,2.28,621,4Pad,Up11,2
0321.4Pad.Up5.1,1,2.29,321,4Pad,Up5,1
0321.4Pad.Up5.1,1,2.29,321,4Pad,Up5,1
0321.4Pad.Up5.1,1,2.29,321,4Pad,Up5,1
0321.4Pad.Up5.1,1,2.29,321,4Pad,Up5,1
0321.4Pad.Up5.1,1,2.29,321,4Pad,Up5,1
0321.4Pad.Up5.1,1000,2.29,321,4Pad,Up5,1
0321.4Pad.Up5.1,10,2.29,321,4Pad,Up5,1
0122.4Pad.Up11.3,10,2.3,122,4Pad,Up11,3
0122.4Pad.Up11.3,10,2.3,122,4Pad,Up11,3
1121.5Sqm.Dn.1,1,2.3,1121,5Sqm,Dn,1
1121.5Sqm.Dn.1,10,2.3,1121,5Sqm,Dn,1
1221.5Sqm.Dn.1,1,2.32,1221,5Sqm,Dn,1
1221.5Sqm.Dn.1,10,2.32,1221,5Sqm,Dn,1
0321.1Prt.Up.3,100,2.33,321,1Prt,Up,3
0321.1Prt.Up.3,100,2.33,321,1Prt,Up,3
0321.1Prt.Up.3,100,2.33,321,1Prt,Up,3
0421.1Prt.Dn.2,100,2.35,421,1Prt,Dn,2
0621.1Prt.Dn.2,10,2.36,621,1Prt,Dn,2
0122.5Sqm.Dn.2,1,2.37,122,5Sqm,Dn,2
0122.5Sqm.Dn.2,1,2.37,122,5Sqm,Dn,2
0122.5Sqm.Dn.2,10,2.37,122,5Sqm,Dn,2
0921.1Prt.Dn.1,1,2.39,921,1Prt,Dn,1
0921.1Prt.Dn.1,10,2.39,921,1Prt,Dn,1
1021.1Prt.Dn.1,1,2.4,1021,1Prt,Dn,1
1021.1Prt.Dn.1,10,2.4,1021,1Prt,Dn,1
0521.5Sqm.Dn.3,1,2.41,521,5Sqm,Dn,3
0321.1Prt.Dn.1,100,2.44,321,1Prt,Dn,1
0321.1Prt.Dn.1,100,2.44,321,1Prt,Dn,1
0321.1Prt.Dn.1,100,2.44,321,1Prt,Dn,1
0721.3Chk.Dn.1,1,2.45,721,3Chk,Dn,1
1221.4Pad.Up11.1,1,2.48,1221,4Pad,Up11,1
1221.4Pad.Up11.1,1,2.48,1221,4Pad,Up11,1
0321.2Brn.Up.1,1,2.5,321,2Brn,Up,1
0321.2Brn.Up.1,1,2.5,321,2Brn,Up,1
0321.2Brn.Up.1,10,2.5,321,2Brn,Up,1
0721.3Chk.Dn.2,1,2.53,721,3Chk,Dn,2
0721.2Brn.Up.1,1,2.55,721,2Brn,Up,1
0721.2Brn.Up.1,1,2.55,721,2Brn,Up,1
0721.2Brn.Up.1,10,2.55,721,2Brn,Up,1
0721.2Brn.Up.1,10,2.55,721,2Brn,Up,1
0921.4Pad.Up11.2,1,2.55,921,4Pad,Up11,2
0921.4Pad.Up11.2,1,2.55,921,4Pad,Up11,2
1021.1Prt.Up.3,10,2.55,1021,1Prt,Up,3
1021.1Prt.Up.3,10,2.55,1021,1Prt,Up,3
0521.2Brn.Up.2,10,2.56,521,2Brn,Up,2
0521.2Brn.Up.2,10,2.56,521,2Brn,Up,2
0621.5Sqm.Up.1,10,2.56,621,5Sqm,Up,1
0721.2Brn.Up.2,1,2.57,721,2Brn,Up,2
0721.2Brn.Up.2,1,2.57,721,2Brn,Up,2
0721.2Brn.Up.2,10,2.57,721,2Brn,Up,2
0721.2Brn.Up.2,10,2.57,721,2Brn,Up,2
0621.1Prt.Dn.1,10,2.59,621,1Prt,Dn,1
0721.2Brn.Up.3,1,2.59,721,2Brn,Up,3
0721.2Brn.Up.3,1,2.59,721,2Brn,Up,3
0122.4Pad.Dn.1,1,2.62,122,4Pad,Dn,1
0122.4Pad.Dn.1,1,2.62,122,4Pad,Dn,1
0122.4Pad.Dn.1,10,2.62,122,4Pad,Dn,1
0122.4Pad.Dn.1,10,2.62,122,4Pad,Dn,1
0321.1Prt.Dn.2,100,2.62,321,1Prt,Dn,2
0321.1Prt.Dn.2,100,2.62,321,1Prt,Dn,2
0321.1Prt.Dn.2,100,2.62,321,1Prt,Dn,2
1021.1Prt.Dn.3,1,2.62,1021,1Prt,Dn,3
1021.1Prt.Dn.3,10,2.62,1021,1Prt,Dn,3
0421.1Prt.Dn.1,100,2.63,421,1Prt,Dn,1
0122.2Brn.Dn.1,1,2.64,122,2Brn,Dn,1
0122.2Brn.Dn.1,1,2.64,122,2Brn,Dn,1
0122.2Brn.Dn.1,10,2.64,122,2Brn,Dn,1
0721.1Prt.Dn.2,1,2.64,721,1Prt,Dn,2
0721.1Prt.Dn.2,10,2.64,721,1Prt,Dn,2
0321.1Prt.Up.2,100,2.65,321,1Prt,Up,2
0321.1Prt.Up.2,100,2.65,321,1Prt,Up,2
0321.1Prt.Up.2,100,2.65,321,1Prt,Up,2
0721.3Chk.Dn.3,1,2.69,721,3Chk,Dn,3
0122.2Brn.Dn.2,1,2.7,122,2Brn,Dn,2
0122.2Brn.Dn.2,1,2.7,122,2Brn,Dn,2
0122.2Brn.Dn.2,10,2.7,122,2Brn,Dn,2
0421.2Brn.Dn.3,1,2.71,421,2Brn,Dn,3
0421.2Brn.Dn.3,10,2.71,421,2Brn,Dn,3
0421.2Brn.Dn.3,100,2.71,421,2Brn,Dn,3
0621.4Pad.Dn.1,1,2.72,621,4Pad,Dn,1
0621.4Pad.Dn.1,1,2.72,621,4Pad,Dn,1
0621.4Pad.Dn.1,1,2.72,621,4Pad,Dn,1
0621.4Pad.Dn.1,1,2.72,621,4Pad,Dn,1
0122.2Brn.Dn.3,10,2.73,122,2Brn,Dn,3
0122.2Brn.Dn.3,10,2.73,122,2Brn,Dn,3
0621.4Pad.Dn.2,1,2.74,621,4Pad,Dn,2
0621.4Pad.Dn.2,1,2.74,621,4Pad,Dn,2
0621.4Pad.Dn.2,1,2.74,621,4Pad,Dn,2
0621.4Pad.Dn.2,1,2.74,621,4Pad,Dn,2
0721.1Prt.Dn.3,1,2.76,721,1Prt,Dn,3
0721.1Prt.Dn.3,10,2.76,721,1Prt,Dn,3
0621.1Prt.Dn.3,10,2.78,621,1Prt,Dn,3
0321.2Brn.Up.3,1,2.81,321,2Brn,Up,3
0321.2Brn.Up.3,1,2.81,321,2Brn,Up,3
0321.2Brn.Up.3,10,2.81,321,2Brn,Up,3
1121.5Sqm.Dn.3,1,2.85,1121,5Sqm,Dn,3
1121.5Sqm.Dn.3,10,2.85,1121,5Sqm,Dn,3
0321.1Prt.Up.1,100,2.87,321,1Prt,Up,1
0321.1Prt.Up.1,100,2.87,321,1Prt,Up,1
0321.1Prt.Up.1,100,2.87,321,1Prt,Up,1
0321.1Prt.Up.1,100,2.87,321,1Prt,Up,1
0122.4Pad.Up5.3,10,2.9,122,4Pad,Up5,3
0122.4Pad.Up5.3,10,2.9,122,4Pad,Up5,3
1021.1Prt.Up.2,10,2.92,1021,1Prt,Up,2
1021.1Prt.Up.2,10,2.92,1021,1Prt,Up,2
0621.5Sqm.Dn.3,10,2.93,621,5Sqm,Dn,3
0621.5Sqm.Dn.3,100,2.93,621,5Sqm,Dn,3
1121.5Sqm.Up.3,1,2.93,1121,5Sqm,Up,3
1121.5Sqm.Up.3,10,2.93,1121,5Sqm,Up,3
0621.5Sqm.Up.2,10,2.94,621,5Sqm,Up,2
0621.5Sqm.Up.2,100,2.94,621,5Sqm,Up,2
0621.5Sqm.Up.2,1000,2.94,621,5Sqm,Up,2
0421.2Brn.Up.3,1,2.96,421,2Brn,Up,3
0421.2Brn.Up.3,10,2.96,421,2Brn,Up,3
0921.4Pad.Dn.2,1,2.96,921,4Pad,Dn,2
0921.4Pad.Dn.2,1,2.96,921,4Pad,Dn,2
0921.4Pad.Dn.2,1,2.96,921,4Pad,Dn,2
0921.4Pad.Dn.2,1,2.96,921,4Pad,Dn,2
1121.5Sqm.Up.1,1,2.97,1121,5Sqm,Up,1
1121.5Sqm.Up.1,10,2.97,1121,5Sqm,Up,1
0621.5Sqm.Up.3,10,2.98,621,5Sqm,Up,3
0721.1Prt.Dn.1,1,3,721,1Prt,Dn,1
0721.1Prt.Dn.1,10,3,721,1Prt,Dn,1
0721.1Prt.Dn.1,10,3,721,1Prt,Dn,1
0721.1Prt.Dn.1,10,3,721,1Prt,Dn,1
0421.1Prt.Dn.3,10,3.02,421,1Prt,Dn,3
0421.1Prt.Dn.3,100,3.02,421,1Prt,Dn,3
1221.1Prt.Up.2,10,3.03,1221,1Prt,Up,2
1221.1Prt.Up.2,100,3.03,1221,1Prt,Up,2
1221.1Prt.Up.2,100,3.03,1221,1Prt,Up,2
1221.1Prt.Up.2,100,3.03,1221,1Prt,Up,2
0621.3Chk.Dn.3,1,3.04,621,3Chk,Dn,3
0621.5Sqm.Dn.1,10,3.06,621,5Sqm,Dn,1
0821.2Brn.Up.3,1,3.07,821,2Brn,Up,3
0821.2Brn.Up.3,1,3.07,821,2Brn,Up,3
0421.3Chk.Dn.1,1,3.11,421,3Chk,Dn,1
0421.3Chk.Dn.1,10,3.11,421,3Chk,Dn,1
1221.5Sqm.Dn.2,1,3.14,1221,5Sqm,Dn,2
1221.5Sqm.Dn.2,10,3.14,1221,5Sqm,Dn,2
0321.1Prt.Dn.3,100,3.16,321,1Prt,Dn,3
0321.1Prt.Dn.3,100,3.16,321,1Prt,Dn,3
0321.1Prt.Dn.3,100,3.16,321,1Prt,Dn,3
1121.1Prt.Dn.1,10,3.19,1121,1Prt,Dn,1
1121.1Prt.Dn.1,100,3.19,1121,1Prt,Dn,1
0621.3Chk.Dn.2,1,3.21,621,3Chk,Dn,2
0821.2Brn.Up.2,1,3.23,821,2Brn,Up,2
0821.2Brn.Up.2,1,3.23,821,2Brn,Up,2
0821.2Brn.Up.2,10,3.23,821,2Brn,Up,2
0821.2Brn.Up.2,10,3.23,821,2Brn,Up,2
0321.4Pad.Up5.2,1,3.29,321,4Pad,Up5,2
0321.4Pad.Up5.2,1,3.29,321,4Pad,Up5,2
0321.4Pad.Up5.2,1,3.29,321,4Pad,Up5,2
0321.4Pad.Up5.2,5,3.29,321,4Pad,Up5,2
0321.4Pad.Up5.2,5,3.29,321,4Pad,Up5,2
0621.4Pad.Up5.1,10,3.29,621,4Pad,Up5,1
0621.4Pad.Up5.1,10,3.29,621,4Pad,Up5,1
0621.4Pad.Up5.1,10,3.29,621,4Pad,Up5,1
1021.1Prt.Up.1,10,3.29,1021,1Prt,Up,1
1021.1Prt.Up.1,10,3.29,1021,1Prt,Up,1
0122.2Brn.Up.2,10,3.39,122,2Brn,Up,2
0122.2Brn.Up.2,10,3.39,122,2Brn,Up,2
0122.2Brn.Up.2,10,3.39,122,2Brn,Up,2
0521.2Brn.Up.3,10,3.39,521,2Brn,Up,3
0521.2Brn.Up.3,10,3.39,521,2Brn,Up,3
0321.4Pad.Up11.1,1,3.4,321,4Pad,Up11,1
0321.4Pad.Up11.1,1,3.4,321,4Pad,Up11,1
0321.4Pad.Up11.1,1,3.4,321,4Pad,Up11,1
0321.4Pad.Up11.1,5,3.4,321,4Pad,Up11,1
0321.4Pad.Up11.1,5,3.4,321,4Pad,Up11,1
0321.4Pad.Up11.1,10,3.4,321,4Pad,Up11,1
0321.4Pad.Up11.1,10,3.4,321,4Pad,Up11,1
0821.2Brn.Dn.2,1,3.4,821,2Brn,Dn,2
0521.1Prt.Dn.3,10,3.41,521,1Prt,Dn,3
0921.3Chk.Up.2,1,3.45,921,3Chk,Up,2
0921.3Chk.Up.2,1,3.45,921,3Chk,Up,2
0421.2Brn.Up.2,1,3.46,421,2Brn,Up,2
0421.2Brn.Up.2,10,3.46,421,2Brn,Up,2
0421.2Brn.Up.2,10,3.46,421,2Brn,Up,2
0321.5Sqm.Dn.2,1,3.49,321,5Sqm,Dn,2
0321.5Sqm.Dn.2,1,3.49,321,5Sqm,Dn,2
0321.5Sqm.Dn.2,10,3.49,321,5Sqm,Dn,2
0621.1Prt.Up.2,10,3.49,621,1Prt,Up,2
1121.1Prt.Dn.2,10,3.57,1121,1Prt,Dn,2
1121.1Prt.Dn.2,100,3.57,1121,1Prt,Dn,2
0721.1Prt.Up.2,10,3.6,721,1Prt,Up,2
0721.1Prt.Up.2,100,3.6,721,1Prt,Up,2
0821.1Prt.Dn.1,1,3.61,821,1Prt,Dn,1
0821.1Prt.Dn.1,10,3.61,821,1Prt,Dn,1
0821.1Prt.Dn.1,10,3.61,821,1Prt,Dn,1
0821.1Prt.Dn.1,10,3.61,821,1Prt,Dn,1
0321.5Sqm.Up.3,1,3.64,321,5Sqm,Up,3
0321.5Sqm.Up.3,10,3.64,321,5Sqm,Up,3
0521.1Prt.Dn.2,10,3.72,521,1Prt,Dn,2
0821.1Prt.Dn.2,1,3.77,821,1Prt,Dn,2
0821.1Prt.Dn.2,10,3.77,821,1Prt,Dn,2
0821.1Prt.Dn.2,10,3.77,821,1Prt,Dn,2
0821.1Prt.Dn.2,10,3.77,821,1Prt,Dn,2
1221.1Prt.Up.3,10,3.77,1221,1Prt,Up,3
1221.1Prt.Up.3,100,3.77,1221,1Prt,Up,3
1221.1Prt.Up.3,100,3.77,1221,1Prt,Up,3
0122.1Prt.Up.3,1,3.78,122,1Prt,Up,3
0122.1Prt.Up.3,1,3.78,122,1Prt,Up,3
0122.1Prt.Up.3,10,3.78,122,1Prt,Up,3
0321.4Pad.Up5.3,1,3.81,321,4Pad,Up5,3
0321.4Pad.Up5.3,1,3.81,321,4Pad,Up5,3
0321.4Pad.Up5.3,1,3.81,321,4Pad,Up5,3
0321.4Pad.Up5.3,5,3.81,321,4Pad,Up5,3
0321.4Pad.Up5.3,5,3.81,321,4Pad,Up5,3
0921.1Prt.Up.3,10,3.84,921,1Prt,Up,3
0921.1Prt.Up.3,100,3.84,921,1Prt,Up,3
0222.1Prt.Dn.1,10,3.88,222,1Prt,Dn,1
0222.1Prt.Dn.1,10,3.88,222,1Prt,Dn,1
0122.1Prt.Up.1,1,3.94,122,1Prt,Up,1
0122.1Prt.Up.1,10,3.94,122,1Prt,Up,1
0122.4Pad.Up11.2,10,3.96,122,4Pad,Up11,2
0122.4Pad.Up11.2,10,3.96,122,4Pad,Up11,2
0122.2Brn.Up.3,10,3.99,122,2Brn,Up,3
0122.2Brn.Up.3,10,3.99,122,2Brn,Up,3
0122.2Brn.Up.3,10,3.99,122,2Brn,Up,3
0122.5Sqm.Dn.3,1,4.02,122,5Sqm,Dn,3
0122.5Sqm.Dn.3,1,4.02,122,5Sqm,Dn,3
0122.5Sqm.Dn.3,10,4.02,122,5Sqm,Dn,3
0122.5Sqm.Dn.3,10,4.02,122,5Sqm,Dn,3
0321.4Pad.Up11.2,1,4.03,321,4Pad,Up11,2
0321.4Pad.Up11.2,1,4.03,321,4Pad,Up11,2
0321.4Pad.Up11.2,1,4.03,321,4Pad,Up11,2
0321.4Pad.Up11.2,4,4.03,321,4Pad,Up11,2
0321.4Pad.Up11.2,4,4.03,321,4Pad,Up11,2
0821.1Prt.Dn.3,1,4.06,821,1Prt,Dn,3
0821.1Prt.Dn.3,10,4.06,821,1Prt,Dn,3
0821.1Prt.Dn.3,10,4.06,821,1Prt,Dn,3
0821.1Prt.Dn.3,10,4.06,821,1Prt,Dn,3
1221.1Prt.Dn.2,10,4.06,1221,1Prt,Dn,2
1221.1Prt.Dn.2,100,4.06,1221,1Prt,Dn,2
1221.1Prt.Dn.2,100,4.06,1221,1Prt,Dn,2
1221.1Prt.Dn.2,100,4.06,1221,1Prt,Dn,2
1221.1Prt.Dn.2,100,4.06,1221,1Prt,Dn,2
0122.5Sqm.Up.2,10,4.1,122,5Sqm,Up,2
0122.5Sqm.Up.2,10,4.1,122,5Sqm,Up,2
0122.5Sqm.Up.3,10,4.13,122,5Sqm,Up,3
0122.5Sqm.Up.3,10,4.13,122,5Sqm,Up,3
0721.3Chk.Up.3,1,4.13,721,3Chk,Up,3
1221.1Prt.Dn.3,10,4.15,1221,1Prt,Dn,3
1221.1Prt.Dn.3,10,4.15,1221,1Prt,Dn,3
1221.1Prt.Dn.3,100,4.15,1221,1Prt,Dn,3
1221.1Prt.Dn.3,100,4.15,1221,1Prt,Dn,3
0122.5Sqm.Up.1,10,4.19,122,5Sqm,Up,1
0122.5Sqm.Up.1,10,4.19,122,5Sqm,Up,1
0222.1Prt.Dn.3,10,4.19,222,1Prt,Dn,3
0222.1Prt.Dn.3,10,4.19,222,1Prt,Dn,3
0421.1Prt.Up.2,10,4.24,421,1Prt,Up,2
0421.1Prt.Up.2,100,4.24,421,1Prt,Up,2
0421.1Prt.Up.2,100,4.24,421,1Prt,Up,2
0421.1Prt.Up.2,1000,4.24,421,1Prt,Up,2
0321.4Pad.Up11.3,1,4.28,321,4Pad,Up11,3
0321.4Pad.Up11.3,1,4.28,321,4Pad,Up11,3
0321.4Pad.Up11.3,1,4.28,321,4Pad,Up11,3
0321.4Pad.Up11.3,1,4.28,321,4Pad,Up11,3
0321.4Pad.Up11.3,1,4.28,321,4Pad,Up11,3
0421.5Sqm.Dn.2,1,4.3,421,5Sqm,Dn,2
0421.5Sqm.Dn.2,10,4.3,421,5Sqm,Dn,2
1221.1Prt.Up.1,10,4.3,1221,1Prt,Up,1
1221.1Prt.Up.1,10,4.3,1221,1Prt,Up,1
1221.1Prt.Up.1,100,4.3,1221,1Prt,Up,1
1221.1Prt.Up.1,100,4.3,1221,1Prt,Up,1
0321.5Sqm.Dn.3,1,4.31,321,5Sqm,Dn,3
0321.5Sqm.Dn.3,1,4.31,321,5Sqm,Dn,3
0321.5Sqm.Dn.3,10,4.31,321,5Sqm,Dn,3
0122.4Pad.Up5.1,10,4.32,122,4Pad,Up5,1
0122.4Pad.Up5.1,10,4.32,122,4Pad,Up5,1
0421.1Prt.Up.3,10,4.38,421,1Prt,Up,3
0421.1Prt.Up.3,10,4.38,421,1Prt,Up,3
0921.1Prt.Up.1,10,4.38,921,1Prt,Up,1
0921.1Prt.Up.1,10,4.38,921,1Prt,Up,1
0222.1Prt.Dn.2,10,4.39,222,1Prt,Dn,2
0222.1Prt.Dn.2,10,4.39,222,1Prt,Dn,2
0821.3Chk.Up.1,1,4.42,821,3Chk,Up,1
0821.3Chk.Up.1,1,4.42,821,3Chk,Up,1
0921.1Prt.Up.2,10,4.42,921,1Prt,Up,2
0921.1Prt.Up.2,10,4.42,921,1Prt,Up,2
0921.1Prt.Up.2,100,4.42,921,1Prt,Up,2
0721.4Pad.Dn.3,1,4.45,721,4Pad,Dn,3
0721.4Pad.Dn.3,1,4.45,721,4Pad,Dn,3
0721.4Pad.Dn.3,1,4.45,721,4Pad,Dn,3
0721.4Pad.Dn.3,1,4.45,721,4Pad,Dn,3
0721.4Pad.Dn.3,1,4.45,721,4Pad,Dn,3
0721.4Pad.Dn.3,1,4.45,721,4Pad,Dn,3
0521.1Prt.Up.3,10,4.48,521,1Prt,Up,3
0122.1Prt.Dn.2,10,4.5,122,1Prt,Dn,2
0122.1Prt.Dn.2,100,4.5,122,1Prt,Dn,2
0921.3Chk.Up.1,1,4.51,921,3Chk,Up,1
0921.3Chk.Up.1,1,4.51,921,3Chk,Up,1
1121.5Sqm.Dn.2,1,4.54,1121,5Sqm,Dn,2
1121.5Sqm.Dn.2,10,4.54,1121,5Sqm,Dn,2
0222.4Pad.Up5.1,10,4.62,222,4Pad,Up5,1
0222.4Pad.Up5.1,10,4.62,222,4Pad,Up5,1
0421.1Prt.Up.1,10,4.64,421,1Prt,Up,1
0421.1Prt.Up.1,100,4.64,421,1Prt,Up,1
1121.1Prt.Dn.3,10,4.64,1121,1Prt,Dn,3
1121.1Prt.Dn.3,10,4.64,1121,1Prt,Dn,3
0122.1Prt.Dn.1,10,4.65,122,1Prt,Dn,1
0122.1Prt.Dn.1,100,4.65,122,1Prt,Dn,1
0621.2Brn.Up.2,1,4.65,621,2Brn,Up,2
0621.2Brn.Up.2,10,4.65,621,2Brn,Up,2
0621.2Brn.Up.2,10,4.65,621,2Brn,Up,2
0621.2Brn.Up.2,1,4.65,621,2Brn,Up,2
0621.2Brn.Up.2,10,4.65,621,2Brn,Up,2
0621.2Brn.Up.2,100,4.65,621,2Brn,Up,2
0621.2Brn.Up.2,100,4.65,621,2Brn,Up,2
1221.4Pad.Up11.2,10,4.65,1221,4Pad,Up11,2
1221.4Pad.Up11.2,10,4.65,1221,4Pad,Up11,2
1221.1Prt.Dn.1,10,4.66,1221,1Prt,Dn,1
1221.1Prt.Dn.1,10,4.66,1221,1Prt,Dn,1
0122.1Prt.Up.2,10,4.72,122,1Prt,Up,2
0122.1Prt.Up.2,100,4.72,122,1Prt,Up,2
0321.2Brn.Up.2,1,4.76,321,2Brn,Up,2
0321.2Brn.Up.2,1,4.76,321,2Brn,Up,2
0321.2Brn.Up.2,10,4.76,321,2Brn,Up,2
0122.1Prt.Dn.3,10,4.77,122,1Prt,Dn,3
0521.1Prt.Up.2,10,4.79,521,1Prt,Up,2
0122.4Pad.Up5.2,10,4.81,122,4Pad,Up5,2
0122.4Pad.Up5.2,10,4.81,122,4Pad,Up5,2
0621.4Pad.Up5.2,10,4.94,621,4Pad,Up5,2
0621.4Pad.Up5.2,10,4.94,621,4Pad,Up5,2
0621.4Pad.Up5.2,10,4.94,621,4Pad,Up5,2
0321.5Sqm.Up.2,1,5.01,321,5Sqm,Up,2
0321.5Sqm.Up.2,10,5.01,321,5Sqm,Up,2
0222.1Prt.Up.1,20,5.05,222,1Prt,Up,1
0222.1Prt.Up.1,50,5.05,222,1Prt,Up,1
0222.1Prt.Up.1,100,5.05,222,1Prt,Up,1
0222.1Prt.Up.3,10,5.1,222,1Prt,Up,3
0222.1Prt.Up.3,10,5.1,222,1Prt,Up,3
0222.1Prt.Up.3,20,5.1,222,1Prt,Up,3
0222.1Prt.Up.3,50,5.1,222,1Prt,Up,3
0122.2Brn.Up.1,10,5.15,122,2Brn,Up,1
0122.2Brn.Up.1,10,5.15,122,2Brn,Up,1
0122.2Brn.Up.1,10,5.15,122,2Brn,Up,1
0921.4Pad.Up11.1,100,5.15,921,4Pad,Up11,1
0921.4Pad.Up11.1,1000,5.15,921,4Pad,Up11,1
0921.4Pad.Up11.1,10,5.15,921,4Pad,Up11,1
0921.4Pad.Up11.1,10,5.15,921,4Pad,Up11,1
0921.4Pad.Up11.1,10,5.15,921,4Pad,Up11,1
0921.4Pad.Up11.1,100,5.15,921,4Pad,Up11,1
0921.4Pad.Up11.1,100,5.15,921,4Pad,Up11,1
1121.1Prt.Up.1,10,5.2,1121,1Prt,Up,1
1121.1Prt.Up.1,10,5.2,1121,1Prt,Up,1
1121.1Prt.Up.1,100,5.2,1121,1Prt,Up,1
1121.1Prt.Up.1,100,5.2,1121,1Prt,Up,1
0821.1Prt.Up.3,10,5.28,821,1Prt,Up,3
0821.1Prt.Up.3,100,5.28,821,1Prt,Up,3
0821.1Prt.Up.3,100,5.28,821,1Prt,Up,3
0821.1Prt.Up.3,10,5.28,821,1Prt,Up,3
1221.4Pad.Up5.3,10,5.6,1221,4Pad,Up5,3
1221.4Pad.Up5.3,10,5.6,1221,4Pad,Up5,3
0621.2Brn.Up.1,1,5.65,621,2Brn,Up,1
0621.2Brn.Up.1,1,5.65,621,2Brn,Up,1
0621.2Brn.Up.1,10,5.65,621,2Brn,Up,1
0621.2Brn.Up.1,10,5.65,621,2Brn,Up,1
1121.1Prt.Up.2,10,5.75,1121,1Prt,Up,2
1121.1Prt.Up.2,10,5.75,1121,1Prt,Up,2
1121.1Prt.Up.2,100,5.75,1121,1Prt,Up,2
1121.1Prt.Up.2,100,5.75,1121,1Prt,Up,2
0222.1Prt.Up.2,10,5.77,222,1Prt,Up,2
0222.1Prt.Up.2,10,5.77,222,1Prt,Up,2
0222.1Prt.Up.2,20,5.77,222,1Prt,Up,2
0222.1Prt.Up.2,50,5.77,222,1Prt,Up,2
1221.4Pad.Up11.3,10,5.88,1221,4Pad,Up11,3
1221.4Pad.Up11.3,10,5.88,1221,4Pad,Up11,3
0821.1Prt.Up.2,10,5.9,821,1Prt,Up,2
0821.1Prt.Up.2,100,5.9,821,1Prt,Up,2
0821.1Prt.Up.2,100,5.9,821,1Prt,Up,2
0821.1Prt.Up.2,100,5.9,821,1Prt,Up,2
0821.1Prt.Up.2,100,5.9,821,1Prt,Up,2
0721.1Prt.Up.1,10,6.09,721,1Prt,Up,1
0721.1Prt.Up.1,100,6.09,721,1Prt,Up,1
1121.1Prt.Up.3,10,6.23,1121,1Prt,Up,3
1121.1Prt.Up.3,100,6.23,1121,1Prt,Up,3
1121.1Prt.Up.3,100,6.23,1121,1Prt,Up,3
1121.1Prt.Up.3,100,6.23,1121,1Prt,Up,3
0621.4Pad.Up5.3,10,6.28,621,4Pad,Up5,3
0621.4Pad.Up5.3,10,6.28,621,4Pad,Up5,3
0621.4Pad.Up5.3,10,6.28,621,4Pad,Up5,3
0421.5Sqm.Up.2,1,6.32,421,5Sqm,Up,2
0421.5Sqm.Up.2,10,6.32,421,5Sqm,Up,2
0421.5Sqm.Up.2,10,6.32,421,5Sqm,Up,2
0421.5Sqm.Up.2,10,6.32,421,5Sqm,Up,2
0821.3Chk.Up.2,1,6.33,821,3Chk,Up,2
0821.3Chk.Up.2,1,6.33,821,3Chk,Up,2
0421.5Sqm.Up.3,1,6.49,421,5Sqm,Up,3
0421.5Sqm.Up.3,10,6.49,421,5Sqm,Up,3
0421.5Sqm.Up.3,10,6.49,421,5Sqm,Up,3
0421.5Sqm.Up.3,10,6.49,421,5Sqm,Up,3
0421.5Sqm.Dn.3,1,6.51,421,5Sqm,Dn,3
0421.5Sqm.Dn.3,10,6.51,421,5Sqm,Dn,3
0421.5Sqm.Dn.3,10,6.51,421,5Sqm,Dn,3
0621.4Pad.Up11.3,1,6.55,621,4Pad,Up11,3
0621.4Pad.Up11.3,1,6.55,621,4Pad,Up11,3
0621.4Pad.Up11.3,1,6.55,621,4Pad,Up11,3
0621.4Pad.Up11.3,1,6.55,621,4Pad,Up11,3
0621.4Pad.Up11.3,10,6.55,621,4Pad,Up11,3
0621.4Pad.Up11.3,10,6.55,621,4Pad,Up11,3
0621.4Pad.Up11.3,10,6.55,621,4Pad,Up11,3
0321.5Sqm.Up.1,1,6.56,321,5Sqm,Up,1
0321.5Sqm.Up.1,1,6.56,321,5Sqm,Up,1
0321.5Sqm.Up.1,10,6.56,321,5Sqm,Up,1
0821.3Chk.Up.3,1,6.6,821,3Chk,Up,3
0821.3Chk.Up.3,1,6.6,821,3Chk,Up,3
1221.4Pad.Dn.3,10,6.64,1221,4Pad,Dn,3
1221.4Pad.Dn.3,10,6.64,1221,4Pad,Dn,3
1221.4Pad.Dn.2,10,6.73,1221,4Pad,Dn,2
1221.4Pad.Dn.2,10,6.73,1221,4Pad,Dn,2
0421.5Sqm.Dn.1,1,6.78,421,5Sqm,Dn,1
0421.5Sqm.Dn.1,10,6.78,421,5Sqm,Dn,1
0421.5Sqm.Dn.1,10,6.78,421,5Sqm,Dn,1
0721.1Prt.Up.3,10,6.96,721,1Prt,Up,3
0721.1Prt.Up.3,100,6.96,721,1Prt,Up,3
0821.4Pad.Up11.3,10,7.01,821,4Pad,Up11,3
0821.4Pad.Up11.3,10,7.01,821,4Pad,Up11,3
0821.4Pad.Up11.3,10,7.01,821,4Pad,Up11,3
0321.5Sqm.Dn.1,1,7.1,321,5Sqm,Dn,1
0321.5Sqm.Dn.1,1,7.1,321,5Sqm,Dn,1
0321.5Sqm.Dn.1,10,7.1,321,5Sqm,Dn,1
0321.5Sqm.Dn.1,10,7.1,321,5Sqm,Dn,1
1121.5Sqm.Up.2,1,7.22,1121,5Sqm,Up,2
1121.5Sqm.Up.2,10,7.22,1121,5Sqm,Up,2
1121.5Sqm.Up.2,10,7.22,1121,5Sqm,Up,2
1121.5Sqm.Up.2,10,7.22,1121,5Sqm,Up,2
1121.5Sqm.Up.2,100,7.22,1121,5Sqm,Up,2
1121.5Sqm.Up.2,100,7.22,1121,5Sqm,Up,2
0421.5Sqm.Up.1,1,7.41,421,5Sqm,Up,1
0421.5Sqm.Up.1,10,7.41,421,5Sqm,Up,1
0421.5Sqm.Up.1,10,7.41,421,5Sqm,Up,1
0321.4Pad.Dn.3,1,7.61,321,4Pad,Dn,3
0321.4Pad.Dn.3,1,7.61,321,4Pad,Dn,3
0321.4Pad.Dn.3,1,7.61,321,4Pad,Dn,3
0321.4Pad.Dn.3,1,7.61,321,4Pad,Dn,3
0321.4Pad.Dn.3,1,7.61,321,4Pad,Dn,3
0321.4Pad.Dn.3,10,7.61,321,4Pad,Dn,3
0321.4Pad.Dn.3,10,7.61,321,4Pad,Dn,3
0921.3Chk.Up.3,1,7.61,921,3Chk,Up,3
0921.3Chk.Up.3,1,7.61,921,3Chk,Up,3
0921.3Chk.Up.3,10,7.61,921,3Chk,Up,3
0821.1Prt.Up.1,10,7.65,821,1Prt,Up,1
0821.1Prt.Up.1,100,7.65,821,1Prt,Up,1
0721.4Pad.Up5.2,10,8.51,721,4Pad,Up5,2
0721.4Pad.Up5.2,10,8.51,721,4Pad,Up5,2
0721.4Pad.Up5.2,10,8.51,721,4Pad,Up5,2
1221.4Pad.Up5.2,10,8.71,1221,4Pad,Up5,2
1221.4Pad.Up5.2,10,8.71,1221,4Pad,Up5,2
0621.2Brn.Dn.2,1,9.14,621,2Brn,Dn,2
1221.4Pad.Up5.1,10,9.64,1221,4Pad,Up5,1
1221.4Pad.Up5.1,10,9.64,1221,4Pad,Up5,1
1121.4Pad.Dn.2,10,9.71,1121,4Pad,Dn,2
1121.4Pad.Dn.2,10,9.71,1121,4Pad,Dn,2
1121.4Pad.Dn.2,1,9.71,1121,4Pad,Dn,2
1121.4Pad.Dn.2,1,9.71,1121,4Pad,Dn,2
1221.4Pad.Dn.1,10,9.97,1221,4Pad,Dn,1
1221.4Pad.Dn.1,10,9.97,1221,4Pad,Dn,1
0521.4Pad.Up11.3,10,10.1,521,4Pad,Up11,3
0521.4Pad.Up11.3,10,10.1,521,4Pad,Up11,3
0521.4Pad.Up11.3,10,10.1,521,4Pad,Up11,3
0921.4Pad.Up11.3,10,10.2,921,4Pad,Up11,3
0921.4Pad.Up11.3,10,10.2,921,4Pad,Up11,3
0921.4Pad.Up11.3,10,10.2,921,4Pad,Up11,3
1121.4Pad.Dn.1,100,10.2,1121,4Pad,Dn,1
1121.4Pad.Dn.1,100,10.2,1121,4Pad,Dn,1
0321.4Pad.Dn.1,1,10.7,321,4Pad,Dn,1
0321.4Pad.Dn.1,1,10.7,321,4Pad,Dn,1
0321.4Pad.Dn.1,1,10.7,321,4Pad,Dn,1
0321.4Pad.Dn.1,1,10.7,321,4Pad,Dn,1
0321.4Pad.Dn.1,1,10.7,321,4Pad,Dn,1
0521.4Pad.Up5.1,10,10.7,521,4Pad,Up5,1
0521.4Pad.Up5.1,10,10.7,521,4Pad,Up5,1
0521.4Pad.Up5.1,10,10.7,521,4Pad,Up5,1
0721.4Pad.Dn.1,1,11.1,721,4Pad,Dn,1
0721.4Pad.Dn.1,1,11.1,721,4Pad,Dn,1
0721.4Pad.Dn.1,1,11.1,721,4Pad,Dn,1
0721.4Pad.Dn.1,1,11.1,721,4Pad,Dn,1
1121.4Pad.Dn.3,10,11.3,1121,4Pad,Dn,3
1121.4Pad.Dn.3,10,11.3,1121,4Pad,Dn,3
0521.4Pad.Up11.2,10,11.4,521,4Pad,Up11,2
0521.4Pad.Up11.2,10,11.4,521,4Pad,Up11,2
0521.4Pad.Up11.2,10,11.4,521,4Pad,Up11,2
0321.4Pad.Dn.2,1,11.6,321,4Pad,Dn,2
0321.4Pad.Dn.2,1,11.6,321,4Pad,Dn,2
0321.4Pad.Dn.2,1,11.6,321,4Pad,Dn,2
0321.4Pad.Dn.2,1,11.6,321,4Pad,Dn,2
0321.4Pad.Dn.2,1,11.6,321,4Pad,Dn,2
0421.4Pad.Up11.3,1,12.2,421,4Pad,Up11,3
0421.4Pad.Up11.3,1,12.2,421,4Pad,Up11,3
0421.4Pad.Up11.3,1,12.2,421,4Pad,Up11,3
0421.4Pad.Up11.3,14,12.2,421,4Pad,Up11,3
0421.4Pad.Up11.3,14,12.2,421,4Pad,Up11,3
0621.2Brn.Dn.1,1,13.2,621,2Brn,Dn,1
0621.2Brn.Dn.1,10,13.2,621,2Brn,Dn,1
0621.2Brn.Dn.1,10,13.2,621,2Brn,Dn,1
0621.2Brn.Dn.1,100,13.2,621,2Brn,Dn,1
0521.4Pad.Up5.3,10,13.3,521,4Pad,Up5,3
0521.4Pad.Up5.3,10,13.3,521,4Pad,Up5,3
0521.4Pad.Up5.3,10,13.3,521,4Pad,Up5,3
0421.4Pad.Up11.2,1,13.7,421,4Pad,Up11,2
0421.4Pad.Up11.2,1,13.7,421,4Pad,Up11,2
0421.4Pad.Up11.2,1,13.7,421,4Pad,Up11,2
0421.4Pad.Up11.2,1,13.7,421,4Pad,Up11,2
0421.4Pad.Up11.2,1,13.7,421,4Pad,Up11,2
0421.4Pad.Dn.1,1,14,421,4Pad,Dn,1
0421.4Pad.Dn.1,1,14,421,4Pad,Dn,1
0421.4Pad.Dn.1,1,14,421,4Pad,Dn,1
0421.4Pad.Dn.1,14,14,421,4Pad,Dn,1
0421.4Pad.Dn.1,14,14,421,4Pad,Dn,1
0521.2Brn.Dn.1,10,14.5,521,2Brn,Dn,1
0521.2Brn.Dn.1,100,14.5,521,2Brn,Dn,1
0621.2Brn.Dn.3,1,15.2,621,2Brn,Dn,3
0621.2Brn.Dn.3,10,15.2,621,2Brn,Dn,3
0621.2Brn.Dn.3,10,15.2,621,2Brn,Dn,3
0621.2Brn.Dn.3,10,15.2,621,2Brn,Dn,3
0521.4Pad.Dn.2,1,16.1,521,4Pad,Dn,2
0521.4Pad.Dn.2,1,16.1,521,4Pad,Dn,2
0521.4Pad.Dn.2,10,16.1,521,4Pad,Dn,2
0521.4Pad.Dn.2,10,16.1,521,4Pad,Dn,2
0521.4Pad.Dn.2,10,16.1,521,4Pad,Dn,2
0521.4Pad.Dn.2,10,16.1,521,4Pad,Dn,2
0721.4Pad.Up5.3,1,16.2,721,4Pad,Up5,3
0721.4Pad.Up5.3,1,16.2,721,4Pad,Up5,3
0721.4Pad.Up5.3,1,16.2,721,4Pad,Up5,3
0721.4Pad.Up5.3,1,16.2,721,4Pad,Up5,3
1121.4Pad.Up5.2,1,16.5,1121,4Pad,Up5,2
1121.4Pad.Up5.2,1,16.5,1121,4Pad,Up5,2
1121.4Pad.Up5.2,10,16.5,1121,4Pad,Up5,2
1121.4Pad.Up5.2,10,16.5,1121,4Pad,Up5,2
1121.4Pad.Up5.1,1,16.6,1121,4Pad,Up5,1
1121.4Pad.Up5.1,1,16.6,1121,4Pad,Up5,1
1121.4Pad.Up5.1,10,16.6,1121,4Pad,Up5,1
1121.4Pad.Up5.1,10,16.6,1121,4Pad,Up5,1
0521.4Pad.Dn.3,1,16.9,521,4Pad,Dn,3
0521.4Pad.Dn.3,1,16.9,521,4Pad,Dn,3
0521.4Pad.Dn.3,1,16.9,521,4Pad,Dn,3
0521.4Pad.Dn.3,2,16.9,521,4Pad,Dn,3
0521.4Pad.Dn.3,2,16.9,521,4Pad,Dn,3
0721.4Pad.Dn.2,10,17,721,4Pad,Dn,2
0721.4Pad.Dn.2,10,17,721,4Pad,Dn,2
0721.4Pad.Dn.2,10,17,721,4Pad,Dn,2
0421.4Pad.Up5.1,1,17.1,421,4Pad,Up5,1
0421.4Pad.Up5.1,1,17.1,421,4Pad,Up5,1
0421.4Pad.Up5.1,1,17.1,421,4Pad,Up5,1
0421.4Pad.Up5.1,1,17.1,421,4Pad,Up5,1
0421.4Pad.Up5.1,1,17.1,421,4Pad,Up5,1
0721.2Brn.Dn.2,1,17.8,721,2Brn,Dn,2
0721.2Brn.Dn.2,10,17.8,721,2Brn,Dn,2
0921.5Sqm.Dn.2,100,18.4,921,5Sqm,Dn,2
0921.5Sqm.Dn.2,100,18.4,921,5Sqm,Dn,2
0721.2Brn.Dn.1,10,18.8,721,2Brn,Dn,1
0521.4Pad.Dn.1,1,19.1,521,4Pad,Dn,1
0521.4Pad.Dn.1,1,19.1,521,4Pad,Dn,1
0521.4Pad.Dn.1,10,19.1,521,4Pad,Dn,1
0521.4Pad.Dn.1,10,19.1,521,4Pad,Dn,1
0521.4Pad.Dn.1,10,19.1,521,4Pad,Dn,1
0921.5Sqm.Dn.3,100,19.1,921,5Sqm,Dn,3
0921.5Sqm.Dn.3,100,19.1,921,5Sqm,Dn,3
0821.4Pad.Dn.3,10,19.3,821,4Pad,Dn,3
0821.4Pad.Dn.3,10,19.3,821,4Pad,Dn,3
0821.4Pad.Dn.3,10,19.3,821,4Pad,Dn,3
0821.4Pad.Dn.3,10,19.3,821,4Pad,Dn,3
1121.4Pad.Up11.1,1,20.6,1121,4Pad,Up11,1
1121.4Pad.Up11.1,1,20.6,1121,4Pad,Up11,1
1121.4Pad.Up11.1,10,20.6,1121,4Pad,Up11,1
1121.4Pad.Up11.1,10,20.6,1121,4Pad,Up11,1
1121.4Pad.Up11.1,1,20.6,1121,4Pad,Up11,1
1121.4Pad.Up11.1,1,20.6,1121,4Pad,Up11,1
1121.4Pad.Up5.3,1,21.3,1121,4Pad,Up5,3
1121.4Pad.Up5.3,1,21.3,1121,4Pad,Up5,3
1121.4Pad.Up5.3,10,21.3,1121,4Pad,Up5,3
1121.4Pad.Up5.3,10,21.3,1121,4Pad,Up5,3
1121.4Pad.Up5.3,1,21.3,1121,4Pad,Up5,3
1121.4Pad.Up5.3,1,21.3,1121,4Pad,Up5,3
0821.4Pad.Dn.2,10,21.4,821,4Pad,Dn,2
0821.4Pad.Dn.2,10,21.4,821,4Pad,Dn,2
0821.4Pad.Dn.2,10,21.4,821,4Pad,Dn,2
0821.4Pad.Dn.2,10,21.4,821,4Pad,Dn,2
0921.5Sqm.Dn.1,100,21.6,921,5Sqm,Dn,1
0921.5Sqm.Dn.1,100,21.6,921,5Sqm,Dn,1
1121.4Pad.Up11.3,1,21.9,1121,4Pad,Up11,3
1121.4Pad.Up11.3,1,21.9,1121,4Pad,Up11,3
1121.4Pad.Up11.3,10,21.9,1121,4Pad,Up11,3
1121.4Pad.Up11.3,10,21.9,1121,4Pad,Up11,3
1121.4Pad.Up11.3,1,21.9,1121,4Pad,Up11,3
1121.4Pad.Up11.3,1,21.9,1121,4Pad,Up11,3
0421.4Pad.Up5.2,1,22.1,421,4Pad,Up5,2
0421.4Pad.Up5.2,1,22.1,421,4Pad,Up5,2
0421.4Pad.Up5.2,1,22.1,421,4Pad,Up5,2
0421.4Pad.Up5.2,5,22.1,421,4Pad,Up5,2
0421.4Pad.Up5.2,5,22.1,421,4Pad,Up5,2
1121.4Pad.Up11.2,100,22.6,1121,4Pad,Up11,2
1121.4Pad.Up11.2,100,22.6,1121,4Pad,Up11,2
0421.4Pad.Up11.1,1,22.7,421,4Pad,Up11,1
0421.4Pad.Up11.1,1,22.7,421,4Pad,Up11,1
0421.4Pad.Up11.1,1,22.7,421,4Pad,Up11,1
0421.4Pad.Up11.1,1,22.7,421,4Pad,Up11,1
0421.4Pad.Up11.1,1,22.7,421,4Pad,Up11,1
0821.5Sqm.Up.2,1,23,821,5Sqm,Up,2
0821.5Sqm.Up.2,1,23,821,5Sqm,Up,2
0721.5Sqm.Dn.2,1,23.4,721,5Sqm,Dn,2
0721.5Sqm.Dn.2,10,23.4,721,5Sqm,Dn,2
0821.5Sqm.Up.1,1,27.4,821,5Sqm,Up,1
0821.5Sqm.Up.1,1,27.4,821,5Sqm,Up,1
0421.4Pad.Up5.3,1,27.5,421,4Pad,Up5,3
0421.4Pad.Up5.3,1,27.5,421,4Pad,Up5,3
0421.4Pad.Up5.3,1,27.5,421,4Pad,Up5,3
0421.4Pad.Up5.3,5,27.5,421,4Pad,Up5,3
0421.4Pad.Up5.3,5,27.5,421,4Pad,Up5,3
0721.4Pad.Up11.2,1,28.3,721,4Pad,Up11,2
0721.4Pad.Up11.2,1,28.3,721,4Pad,Up11,2
0721.4Pad.Up11.2,1,28.3,721,4Pad,Up11,2
0721.4Pad.Up11.2,1,28.3,721,4Pad,Up11,2
0721.2Brn.Dn.3,1,28.4,721,2Brn,Dn,3
0721.2Brn.Dn.3,10,28.4,721,2Brn,Dn,3
0721.2Brn.Dn.3,10,28.4,721,2Brn,Dn,3
0721.2Brn.Dn.3,10,28.4,721,2Brn,Dn,3
0721.5Sqm.Dn.1,1,30,721,5Sqm,Dn,1
0721.5Sqm.Dn.1,1,30,721,5Sqm,Dn,1
0421.4Pad.Dn.2,1,30.8,421,4Pad,Dn,2
0421.4Pad.Dn.2,1,30.8,421,4Pad,Dn,2
0421.4Pad.Dn.2,1,30.8,421,4Pad,Dn,2
0421.4Pad.Dn.2,14,30.8,421,4Pad,Dn,2
0421.4Pad.Dn.2,14,30.8,421,4Pad,Dn,2
0821.5Sqm.Up.3,1,30.9,821,5Sqm,Up,3
0821.5Sqm.Up.3,1,30.9,821,5Sqm,Up,3
0421.4Pad.Dn.3,1,35.2,421,4Pad,Dn,3
0421.4Pad.Dn.3,1,35.2,421,4Pad,Dn,3
0421.4Pad.Dn.3,1,35.2,421,4Pad,Dn,3
0421.4Pad.Dn.3,4,35.2,421,4Pad,Dn,3
0421.4Pad.Dn.3,4,35.2,421,4Pad,Dn,3
0721.5Sqm.Dn.3,1,40.1,721,5Sqm,Dn,3
0721.5Sqm.Dn.3,10,40.1,721,5Sqm,Dn,3
0821.4Pad.Dn.1,1,41,821,4Pad,Dn,1
0821.4Pad.Dn.1,1,41,821,4Pad,Dn,1
0821.4Pad.Dn.1,1,41,821,4Pad,Dn,1
0821.4Pad.Dn.1,1,41,821,4Pad,Dn,1
0821.5Sqm.Dn.3,1,46.4,821,5Sqm,Dn,3
0821.5Sqm.Dn.3,10,46.4,821,5Sqm,Dn,3
0721.5Sqm.Up.1,1,49.3,721,5Sqm,Up,1
0721.5Sqm.Up.3,1,50,721,5Sqm,Up,3
0821.5Sqm.Dn.2,1,50,821,5Sqm,Dn,2
0821.5Sqm.Dn.2,1,50,821,5Sqm,Dn,2
0821.5Sqm.Dn.2,10,50,821,5Sqm,Dn,2
0721.5Sqm.Up.2,1,51,721,5Sqm,Up,2
0821.5Sqm.Dn.1,1,55,821,5Sqm,Dn,1
0821.5Sqm.Dn.1,1,55,821,5Sqm,Dn,1
0821.5Sqm.Dn.1,10,55,821,5Sqm,Dn,1
1221.2Brn.Dn.2,1,0,1221,2Brn,Dn,2
1221.2Brn.Dn.2,1,0,1221,2Brn,Dn,2
1021.4Pad.Up11.3,10,0,1021,4Pad,Up11,3
1021.4Pad.Up11.3,10,0,1021,4Pad,Up11,3
1021.4Pad.Up11.3,10,0,1021,4Pad,Up11,3
1021.4Pad.Up5.3,10,0,1021,4Pad,Up5,3
1021.4Pad.Up5.3,10,0,1021,4Pad,Up5,3
1021.4Pad.Up5.3,10,0,1021,4Pad,Up5,3